driverId,driverRef,number,code,forename,surname,dob,nationality
1,hamilton,44,HAM,Lewis,Hamilton,1985-01-07,British
2,heidfeld,NA,HEI,Nick,Heidfeld,1977-05-10,German
3,rosberg,6,ROS,Nico,Rosberg,1985-06-27,German
4,alonso,14,ALO,Fernando,Alonso,1981-07-29,Spanish
5,kovalainen,NA,KOV,Heikki,Kovalainen,1981-10-19,Finnish
6,nakajima,NA,NAK,Kazuki,Nakajima,1985-01-11,Japanese
7,bourdais,NA,BOU,Sébastien,Bourdais,1979-02-28,French
8,raikkonen,7,RAI,Kimi,Räikkönen,1979-10-17,Finnish
9,kubica,88,KUB,Robert,Kubica,1984-12-07,Polish
10,glock,NA,GLO,Timo,Glock,1982-03-18,German
11,sato,NA,SAT,Takuma,Sato,1977-01-28,Japanese
12,piquet_jr,NA,PIQ,Nelson,Piquet Jr.,1985-07-25,Brazilian
13,massa,19,MAS,Felipe,Massa,1981-04-25,Brazilian
14,coulthard,NA,COU,David,Coulthard,1971-03-27,British
15,trulli,NA,TRU,Jarno,Trulli,1974-07-13,Italian
16,sutil,99,SUT,Adrian,Sutil,1983-01-11,German
17,webber,NA,WEB,Mark,Webber,1976-08-27,Australian
18,button,22,BUT,Jenson,Button,1980-01-19,British
19,davidson,NA,DAV,Anthony,Davidson,1979-04-18,British
20,vettel,5,VET,Sebastian,Vettel,1987-07-03,German
21,fisichella,NA,FIS,Giancarlo,Fisichella,1973-01-14,Italian
22,barrichello,NA,BAR,Rubens,Barrichello,1972-05-23,Brazilian
23,ralf_schumacher,NA,SCH,Ralf,Schumacher,1975-06-30,German
24,liuzzi,NA,LIU,Vitantonio,Liuzzi,1980-08-06,Italian
25,wurz,NA,WUR,Alexander,Wurz,1974-02-15,Austrian
26,speed,NA,SPE,Scott,Speed,1983-01-24,American
27,albers,NA,ALB,Christijan,Albers,1979-04-16,Dutch
28,markus_winkelhock,NA,WIN,Markus,Winkelhock,1980-06-13,German
29,yamamoto,NA,YAM,Sakon,Yamamoto,1982-07-09,Japanese
30,michael_schumacher,NA,MSC,Michael,Schumacher,1969-01-03,German
31,montoya,NA,MON,Juan,Pablo Montoya,1975-09-20,Colombian
32,klien,NA,KLI,Christian,Klien,1983-02-07,Austrian
33,monteiro,NA,TMO,Tiago,Monteiro,1976-07-24,Portuguese
34,ide,NA,IDE,Yuji,Ide,1975-01-21,Japanese
35,villeneuve,NA,VIL,Jacques,Villeneuve,1971-04-09,Canadian
36,montagny,NA,FMO,Franck,Montagny,1978-01-05,French
37,rosa,NA,DLR,Pedro,de la Rosa,1971-02-24,Spanish
38,doornbos,NA,DOO,Robert,Doornbos,1981-09-23,Dutch
39,karthikeyan,NA,KAR,Narain,Karthikeyan,1977-01-14,Indian
40,friesacher,NA,FRI,Patrick,Friesacher,1980-09-26,Austrian
41,zonta,NA,ZON,Ricardo,Zonta,1976-03-23,Brazilian
42,pizzonia,NA,PIZ,Antônio,Pizzonia,1980-09-11,Brazilian
43,matta,NA,NA,Cristiano,da Matta,1973-09-19,Brazilian
44,panis,NA,NA,Olivier,Panis,1966-09-02,French
45,pantano,NA,NA,Giorgio,Pantano,1979-02-04,Italian
46,bruni,NA,NA,Gianmaria,Bruni,1981-05-30,Italian
47,baumgartner,NA,NA,Zsolt,Baumgartner,1981-01-01,Hungarian
48,gene,NA,NA,Marc,Gené,1974-03-29,Spanish
49,frentzen,NA,NA,Heinz-Harald,Frentzen,1967-05-18,German
50,verstappen,NA,NA,Jos,Verstappen,1972-03-04,Dutch
51,wilson,NA,NA,Justin,Wilson,1978-07-31,British
52,firman,NA,NA,Ralph,Firman,1975-05-20,Irish
53,kiesa,NA,NA,Nicolas,Kiesa,1978-03-03,Danish
54,burti,NA,NA,Luciano,Burti,1975-03-05,Brazilian
55,alesi,NA,NA,Jean,Alesi,1964-06-11,French
56,irvine,NA,NA,Eddie,Irvine,1965-11-10,British
57,hakkinen,NA,NA,Mika,Häkkinen,1968-09-28,Finnish
58,marques,NA,NA,Tarso,Marques,1976-01-19,Brazilian
59,bernoldi,NA,NA,Enrique,Bernoldi,1978-10-19,Brazilian
60,mazzacane,NA,NA,Gastón,Mazzacane,1975-05-08,Argentine
61,enge,NA,NA,Tomáš,Enge,1976-09-11,Czech
62,yoong,NA,NA,Alex,Yoong,1976-07-20,Malaysian
63,salo,NA,NA,Mika,Salo,1966-11-30,Finnish
64,diniz,NA,NA,Pedro,Diniz,1970-05-22,Brazilian
65,herbert,NA,NA,Johnny,Herbert,1964-06-25,British
66,mcnish,NA,NA,Allan,McNish,1969-12-29,British
67,buemi,NA,BUE,Sébastien,Buemi,1988-10-31,Swiss
68,takagi,NA,NA,Toranosuke,Takagi,1974-02-12,Japanese
69,badoer,NA,BAD,Luca,Badoer,1971-01-25,Italian
70,zanardi,NA,NA,Alessandro,Zanardi,1966-10-23,Italian
71,damon_hill,NA,NA,Damon,Hill,1960-09-17,British
72,sarrazin,NA,NA,Stéphane,Sarrazin,1975-11-02,French
73,rosset,NA,NA,Ricardo,Rosset,1968-07-27,Brazilian
74,tuero,NA,NA,Esteban,Tuero,1978-04-22,Argentine
75,nakano,NA,NA,Shinji,Nakano,1971-04-01,Japanese
76,magnussen,NA,MAG,Jan,Magnussen,1973-07-04,Danish
77,berger,NA,NA,Gerhard,Berger,1959-08-27,Austrian
78,larini,NA,NA,Nicola,Larini,1964-03-19,Italian
79,katayama,NA,NA,Ukyo,Katayama,1963-05-29,Japanese
80,sospiri,NA,NA,Vincenzo,Sospiri,1966-10-07,Italian
81,morbidelli,NA,NA,Gianni,Morbidelli,1968-01-13,Italian
82,fontana,NA,NA,Norberto,Fontana,1975-01-20,Argentine
83,lamy,NA,NA,Pedro,Lamy,1972-03-20,Portuguese
84,brundle,NA,NA,Martin,Brundle,1959-06-01,British
85,montermini,NA,NA,Andrea,Montermini,1964-05-30,Italian
86,lavaggi,NA,NA,Giovanni,Lavaggi,1958-02-18,Italian
87,blundell,NA,NA,Mark,Blundell,1966-04-08,British
88,suzuki,NA,NA,Aguri,Suzuki,1960-09-08,Japanese
89,inoue,NA,NA,Taki,Inoue,1963-09-05,Japanese
90,moreno,NA,NA,Roberto,Moreno,1959-02-11,Brazilian
91,wendlinger,NA,NA,Karl,Wendlinger,1968-12-20,Austrian
92,gachot,NA,NA,Bertrand,Gachot,1962-12-23,Belgian
93,schiattarella,NA,NA,Domenico,Schiattarella,1967-11-17,Italian
94,martini,NA,NA,Pierluigi,Martini,1961-04-23,Italian
95,mansell,NA,NA,Nigel,Mansell,1953-08-08,British
96,boullion,NA,NA,Jean-Christophe,Boullion,1969-12-27,French
97,papis,NA,NA,Massimiliano,Papis,1969-10-03,Italian
98,deletraz,NA,NA,Jean-Denis,Délétraz,1963-10-01,Swiss
99,tarquini,NA,NA,Gabriele,Tarquini,1962-03-02,Italian
100,comas,NA,NA,Érik,Comas,1963-09-28,French
101,brabham,NA,NA,David,Brabham,1965-09-05,Australian
102,senna,NA,NA,Ayrton,Senna,1960-03-21,Brazilian
103,bernard,NA,NA,Éric,Bernard,1964-08-24,French
104,fittipaldi,NA,NA,Christian,Fittipaldi,1971-01-18,Brazilian
105,alboreto,NA,NA,Michele,Alboreto,1956-12-23,Italian
106,beretta,NA,NA,Olivier,Beretta,1969-11-23,Monegasque
107,ratzenberger,NA,NA,Roland,Ratzenberger,1960-07-04,Austrian
108,belmondo,NA,NA,Paul,Belmondo,1963-04-23,French
109,lehto,NA,NA,Jyrki,Järvilehto,1966-01-31,Finnish
110,cesaris,NA,NA,Andrea,de Cesaris,1959-05-31,Italian
111,gounon,NA,NA,Jean-Marc,Gounon,1963-01-01,French
112,alliot,NA,NA,Philippe,Alliot,1954-07-27,French
113,adams,NA,NA,Philippe,Adams,1969-11-19,Belgian
114,dalmas,NA,NA,Yannick,Dalmas,1961-07-28,French
115,noda,NA,NA,Hideki,Noda,1969-03-07,Japanese
116,lagorce,NA,NA,Franck,Lagorce,1968-09-01,French
117,prost,NA,NA,Alain,Prost,1955-02-24,French
118,warwick,NA,NA,Derek,Warwick,1954-08-27,British
119,patrese,NA,NA,Riccardo,Patrese,1954-04-17,Italian
120,barbazza,NA,NA,Fabrizio,Barbazza,1963-04-02,Italian
121,andretti,NA,NA,Michael,Andretti,1962-10-05,American
122,capelli,NA,NA,Ivan,Capelli,1963-05-24,Italian
123,boutsen,NA,NA,Thierry,Boutsen,1957-07-13,Belgian
124,apicella,NA,NA,Marco,Apicella,1965-10-07,Italian
125,naspetti,NA,NA,Emanuele,Naspetti,1968-02-24,Italian
126,toshio_suzuki,NA,NA,Toshio,Suzuki,1955-03-10,Japanese
127,gugelmin,NA,NA,Maurício,Gugelmin,1963-04-20,Brazilian
128,poele,NA,NA,Eric,van de Poele,1961-09-30,Belgian
129,grouillard,NA,NA,Olivier,Grouillard,1958-09-02,French
130,chiesa,NA,NA,Andrea,Chiesa,1964-05-06,Swiss
131,modena,NA,NA,Stefano,Modena,1963-05-12,Italian
132,amati,NA,NA,Giovanna,Amati,1959-07-20,Italian
133,caffi,NA,NA,Alex,Caffi,1964-03-18,Italian
134,bertaggia,NA,NA,Enrico,Bertaggia,1964-09-19,Italian
135,mccarthy,NA,NA,Perry,McCarthy,1961-03-03,British
136,lammers,NA,NA,Jan,Lammers,1956-06-02,Dutch
137,piquet,NA,NA,Nelson,Piquet,1952-08-17,Brazilian
138,satoru_nakajima,NA,NA,Satoru,Nakajima,1953-02-23,Japanese
139,pirro,NA,NA,Emanuele,Pirro,1962-01-12,Italian
140,johansson,NA,NA,Stefan,Johansson,1956-09-08,Swedish
141,bailey,NA,NA,Julian,Bailey,1961-10-09,British
142,chaves,NA,NA,Pedro,Chaves,1965-02-27,Portuguese
143,bartels,NA,NA,Michael,Bartels,1968-03-08,German
144,hattori,NA,NA,Naoki,Hattori,1966-06-13,Japanese
145,nannini,NA,NA,Alessandro,Nannini,1959-07-07,Italian
146,schneider,NA,NA,Bernd,Schneider,1964-07-20,German
147,barilla,NA,NA,Paolo,Barilla,1961-04-20,Italian
148,foitek,NA,NA,Gregor,Foitek,1965-03-27,Swiss
149,langes,NA,NA,Claudio,Langes,1960-07-20,Italian
150,gary_brabham,NA,NA,Gary,Brabham,1961-03-29,Australian
151,donnelly,NA,NA,Martin,Donnelly,1964-03-26,British
152,giacomelli,NA,NA,Bruno,Giacomelli,1952-09-10,Italian
153,alguersuari,NA,ALG,Jaime,Alguersuari,1990-03-23,Spanish
154,grosjean,8,GRO,Romain,Grosjean,1986-04-17,French
155,kobayashi,10,KOB,Kamui,Kobayashi,1986-09-13,Japanese
156,palmer,NA,NA,Jonathan,Palmer,1956-11-07,British
157,danner,NA,NA,Christian,Danner,1958-04-04,German
158,cheever,NA,NA,Eddie,Cheever,1958-01-10,American
159,sala,NA,NA,Luis,Pérez-Sala,1959-05-15,Spanish
160,ghinzani,NA,NA,Piercarlo,Ghinzani,1952-01-16,Italian
161,weidler,NA,NA,Volker,Weidler,1962-03-18,German
162,raphanel,NA,NA,Pierre-Henri,Raphanel,1961-05-27,French
163,arnoux,NA,NA,René,Arnoux,1948-07-04,French
164,joachim_winkelhock,NA,NA,Joachim,Winkelhock,1960-10-24,German
165,larrauri,NA,NA,Oscar,Larrauri,1954-08-19,Argentine
166,streiff,NA,NA,Philippe,Streiff,1955-06-26,French
167,campos,NA,NA,Adrián,Campos,1960-06-17,Spanish
168,schlesser,NA,NA,Jean-Louis,Schlesser,1948-09-12,French
169,fabre,NA,NA,Pascal,Fabre,1960-01-09,French
170,fabi,NA,NA,Teo,Fabi,1955-03-09,Italian
171,forini,NA,NA,Franco,Forini,1958-09-22,Swiss
172,laffite,NA,NA,Jacques,Laffite,1943-11-21,French
173,angelis,NA,NA,Elio,de Angelis,1958-03-26,Italian
174,dumfries,NA,NA,Johnny,Dumfries,1958-04-26,British
175,tambay,NA,NA,Patrick,Tambay,1949-06-25,French
176,surer,NA,NA,Marc,Surer,1951-09-18,Swiss
177,keke_rosberg,NA,NA,Keke,Rosberg,1948-12-06,Finnish
178,jones,NA,NA,Alan,Jones,1946-11-02,Australian
179,rothengatter,NA,NA,Huub,Rothengatter,1954-10-08,Dutch
180,berg,NA,NA,Allen,Berg,1961-08-01,Canadian
181,manfred_winkelhock,NA,NA,Manfred,Winkelhock,1951-10-06,German
182,lauda,NA,NA,Niki,Lauda,1949-02-22,Austrian
183,hesnault,NA,NA,François,Hesnault,1956-12-30,French
184,baldi,NA,NA,Mauro,Baldi,1954-01-31,Italian
185,bellof,NA,NA,Stefan,Bellof,1957-11-20,German
186,acheson,NA,NA,Kenny,Acheson,1957-11-27,British
187,watson,NA,NA,John,Watson,1946-05-04,British
188,cecotto,NA,NA,Johnny,Cecotto,1956-01-25,Venezuelan
189,gartner,NA,NA,Jo,Gartner,1954-01-24,Austrian
190,corrado_fabi,NA,NA,Corrado,Fabi,1961-04-12,Italian
191,thackwell,NA,NA,Mike,Thackwell,1961-03-30,New Zealander
192,serra,NA,NA,Chico,Serra,1957-02-03,Brazilian
193,sullivan,NA,NA,Danny,Sullivan,1950-03-09,American
194,salazar,NA,NA,Eliseo,Salazar,1954-11-14,Chilean
195,guerrero,NA,NA,Roberto,Guerrero,1958-11-16,Colombian
196,boesel,NA,NA,Raul,Boesel,1957-12-04,Brazilian
197,jarier,NA,NA,Jean-Pierre,Jarier,1946-07-10,French
198,villeneuve_sr,NA,NA,Jacques,Villeneuve Sr.,1953-11-04,Canadian
199,reutemann,NA,NA,Carlos,Reutemann,1942-04-12,Argentine
200,mass,NA,NA,Jochen,Mass,1946-09-30,German
201,borgudd,NA,NA,Slim,Borgudd,1946-11-25,Swedish
202,pironi,NA,NA,Didier,Pironi,1952-03-26,French
203,gilles_villeneuve,NA,NA,Gilles,Villeneuve,1950-01-18,Canadian
204,paletti,NA,NA,Riccardo,Paletti,1958-06-15,Italian
205,henton,NA,NA,Brian,Henton,1946-09-19,British
206,daly,NA,NA,Derek,Daly,1953-03-11,Irish
207,mario_andretti,NA,NA,Mario,Andretti,1940-02-28,American
208,villota,NA,NA,Emilio,de Villota,1946-07-26,Spanish
209,lees,NA,NA,Geoff,Lees,1951-05-01,British
210,byrne,NA,NA,Tommy,Byrne,1958-05-06,Irish
211,keegan,NA,NA,Rupert,Keegan,1955-02-26,British
212,rebaque,NA,NA,Hector,Rebaque,1956-02-05,Mexican
213,gabbiani,NA,NA,Beppe,Gabbiani,1957-01-02,Italian
214,cogan,NA,NA,Kevin,Cogan,1956-03-31,American
215,guerra,NA,NA,Miguel Ángel,Guerra,1953-08-31,Argentine
216,stohr,NA,NA,Siegfried,Stohr,1952-10-10,Italian
217,zunino,NA,NA,Ricardo,Zunino,1949-04-13,Argentine
218,londono,NA,NA,Ricardo,Londoño,1949-08-08,Colombian
219,jabouille,NA,NA,Jean-Pierre,Jabouille,1942-10-01,French
220,francia,NA,NA,Giorgio,Francia,1947-11-08,Italian
221,depailler,NA,NA,Patrick,Depailler,1944-08-09,French
222,scheckter,NA,NA,Jody,Scheckter,1950-01-29,South African
223,regazzoni,NA,NA,Clay,Regazzoni,1939-09-05,Swiss
224,emerson_fittipaldi,NA,NA,Emerson,Fittipaldi,1946-12-12,Brazilian
225,kennedy,NA,NA,Dave,Kennedy,1953-01-15,Irish
226,south,NA,NA,Stephen,South,1952-02-19,British
227,needell,NA,NA,Tiff,Needell,1951-10-29,British
228,desire_wilson,NA,NA,Desiré,Wilson,1953-11-26,South African
229,ertl,NA,NA,Harald,Ertl,1948-08-31,Austrian
230,brambilla,NA,NA,Vittorio,Brambilla,1937-11-11,Italian
231,hunt,NA,NA,James,Hunt,1947-08-29,British
232,merzario,NA,NA,Arturo,Merzario,1943-03-11,Italian
233,stuck,NA,NA,Hans-Joachim,Stuck,1951-01-01,German
234,brancatelli,NA,NA,Gianfranco,Brancatelli,1950-01-18,Italian
235,ickx,NA,NA,Jacky,Ickx,1945-01-01,Belgian
236,gaillard,NA,NA,Patrick,Gaillard,1952-02-12,French
237,ribeiro,NA,NA,Alex,Ribeiro,1948-11-07,Brazilian
238,peterson,NA,NA,Ronnie,Peterson,1944-02-14,Swedish
239,lunger,NA,NA,Brett,Lunger,1945-11-14,American
240,ongais,NA,NA,Danny,Ongais,1942-05-21,American
241,leoni,NA,NA,Lamberto,Leoni,1953-05-24,Italian
242,galica,NA,NA,Divina,Galica,1944-08-13,British
243,stommelen,NA,NA,Rolf,Stommelen,1943-07-11,German
244,colombo,NA,NA,Alberto,Colombo,1946-02-23,Italian
245,trimmer,NA,NA,Tony,Trimmer,1943-01-24,British
246,binder,NA,NA,Hans,Binder,1948-06-12,Austrian
247,bleekemolen,NA,NA,Michael,Bleekemolen,1949-10-02,Dutch
248,gimax,NA,NA,Carlo,Franchi,1938-01-01,Italian
249,rahal,NA,NA,Bobby,Rahal,1953-01-10,American
250,pace,NA,NA,Carlos,Pace,1944-10-06,Brazilian
251,ian_scheckter,NA,NA,Ian,Scheckter,1947-08-22,South African
252,pryce,NA,NA,Tom,Pryce,1949-06-11,British
253,hoffmann,NA,NA,Ingo,Hoffmann,1953-02-28,Brazilian
254,zorzi,NA,NA,Renzo,Zorzi,1946-12-12,Italian
255,nilsson,NA,NA,Gunnar,Nilsson,1948-11-20,Swedish
256,perkins,NA,NA,Larry,Perkins,1950-03-18,Australian
257,hayje,NA,NA,Boy,Lunger,1949-05-03,Dutch
258,neve,NA,NA,Patrick,Nève,1949-10-13,Belgian
259,purley,NA,NA,David,Purley,1945-01-26,British
260,andersson,NA,NA,Conny,Andersson,1939-12-28,Swedish
261,dryver,NA,NA,Bernard,de Dryver,1952-09-19,Belgian
262,oliver,NA,NA,Jackie,Oliver,1942-08-14,British
263,kozarowitzky,NA,NA,Mikko,Kozarowitzky,1948-05-17,Finnish
264,sutcliffe,NA,NA,Andy,Sutcliffe,1947-05-09,British
265,edwards,NA,NA,Guy,Edwards,1942-12-30,British
266,mcguire,NA,NA,Brian,McGuire,1945-12-13,Australian
267,schuppan,NA,NA,Vern,Schuppan,1943-03-19,Australian
268,heyer,NA,NA,Hans,Heyer,1943-03-16,German
269,pilette,NA,NA,Teddy,Pilette,1942-07-26,Belgian
270,ashley,NA,NA,Ian,Ashley,1947-10-26,British
271,kessel,NA,NA,Loris,Kessel,1950-04-01,Swiss
272,takahashi,NA,NA,Kunimitsu,Takahashi,1940-01-29,Japanese
273,hoshino,NA,NA,Kazuyoshi,Hoshino,1947-07-01,Japanese
274,takahara,NA,NA,Noritake,Takahara,1951-06-06,Japanese
275,lombardi,NA,NA,Lella,Lombardi,1941-03-26,Italian
276,evans,NA,NA,Bob,Evans,1947-06-11,British
277,leclere,NA,NA,Michel,Leclère,1946-03-18,French
278,amon,NA,NA,Chris,Amon,1943-07-20,New Zealander
279,zapico,NA,NA,Emilio,Zapico,1944-05-27,Spanish
280,pescarolo,NA,NA,Henri,Pescarolo,1942-09-25,French
281,nelleman,NA,NA,Jac,Nelleman,1944-04-19,Danish
282,magee,NA,NA,Damien,Magee,1945-11-17,British
283,wilds,NA,NA,Mike,Wilds,1946-01-07,British
284,pesenti_rossi,NA,NA,Alessandro,Pesenti-Rossi,1942-08-31,Italian
285,stuppacher,NA,NA,Otto,Stuppacher,1947-03-03,Austrian
286,brown,NA,NA,Warwick,Brown,1949-12-24,Australian
287,hasemi,NA,NA,Masahiro,Hasemi,1945-11-13,Japanese
288,donohue,NA,NA,Mark,Donohue,1937-03-18,American
289,hill,NA,NA,Graham,Hill,1929-02-15,British
290,wilson_fittipaldi,NA,NA,Wilson,Fittipaldi,1943-12-25,Brazilian
291,tunmer,NA,NA,Guy,Tunmer,1948-12-01,South African
292,keizan,NA,NA,Eddie,Keizan,1944-09-12,South African
293,charlton,NA,NA,Dave,Charlton,1936-10-27,South African
294,brise,NA,NA,Tony,Brise,1952-03-28,British
295,wunderink,NA,NA,Roelof,Wunderink,1948-12-12,Dutch
296,migault,NA,NA,François,Migault,1944-12-04,French
297,palm,NA,NA,Torsten,Palm,1947-07-23,Swedish
298,lennep,NA,NA,Gijs,van Lennep,1942-03-16,Dutch
299,fushida,NA,NA,Hiroshi,Fushida,1946-03-10,Japanese
300,nicholson,NA,NA,John,Nicholson,1941-10-06,New Zealander
301,morgan,NA,NA,Dave,Morgan,1944-08-07,British
302,crawford,NA,NA,Jim,Crawford,1948-02-13,British
303,vonlanthen,NA,NA,Jo,Vonlanthen,1942-05-31,Swiss
304,hulme,NA,NA,Denny,Hulme,1936-06-18,New Zealander
305,hailwood,NA,NA,Mike,Hailwood,1940-04-02,British
306,beltoise,NA,NA,Jean-Pierre,Beltoise,1937-04-26,French
307,ganley,NA,NA,Howden,Ganley,1941-12-24,New Zealander
308,robarts,NA,NA,Richard,Robarts,1944-09-22,British
309,revson,NA,NA,Peter,Revson,1939-02-27,American
310,driver,NA,NA,Paddy,Driver,1934-05-13,South African
311,belso,NA,NA,Tom,Belsø,1942-08-27,Danish
312,redman,NA,NA,Brian,Redman,1937-03-09,British
313,opel,NA,NA,Rikky,von Opel,1947-10-14,Liechtensteiner
314,schenken,NA,NA,Tim,Schenken,1943-09-26,Australian
315,larrousse,NA,NA,Gérard,Larrousse,1940-05-23,French
316,kinnunen,NA,NA,Leo,Kinnunen,1943-08-05,Finnish
317,wisell,NA,NA,Reine,Wisell,1941-09-30,Swedish
318,roos,NA,NA,Bertil,Roos,1943-10-12,Swedish
319,dolhem,NA,NA,José,Dolhem,1944-04-26,French
320,gethin,NA,NA,Peter,Gethin,1940-02-21,British
321,bell,NA,NA,Derek,Bell,1941-10-31,British
322,hobbs,NA,NA,David,Hobbs,1939-06-09,British
323,quester,NA,NA,Dieter,Quester,1939-05-30,Austrian
324,koinigg,NA,NA,Helmuth,Koinigg,1948-11-03,Austrian
325,facetti,NA,NA,Carlo,Facetti,1935-06-26,Italian
326,wietzes,NA,NA,Eppie,Wietzes,1938-05-28,Canadian
327,cevert,NA,NA,François,Cevert,1944-02-25,French
328,stewart,NA,NA,Jackie,Stewart,1939-06-11,British
329,beuttler,NA,NA,Mike,Beuttler,1940-04-13,British
330,galli,NA,NA,Nanni,Galli,1940-10-02,Italian
331,bueno,NA,NA,Luiz,Bueno,1937-01-16,Brazilian
332,follmer,NA,NA,George,Follmer,1934-01-27,American
333,adamich,NA,NA,Andrea,de Adamich,1941-10-03,Italian
334,pretorius,NA,NA,Jackie,Pretorius,1934-11-22,South African
335,williamson,NA,NA,Roger,Williamson,1948-02-02,British
336,mcrae,NA,NA,Graham,McRae,1940-03-05,New Zealander
337,marko,NA,NA,Helmut,Marko,1943-04-27,Austrian
338,walker,NA,NA,David,Walker,1941-06-10,Australian
339,roig,NA,NA,Alex,Soler-Roig,1932-10-29,Spanish
340,love,NA,NA,John,Love,1924-12-07,Rhodesian
341,surtees,NA,NA,John,Surtees,1934-02-11,British
342,barber,NA,NA,Skip,Barber,1936-11-16,American
343,brack,NA,NA,Bill,Brack,1935-12-26,Canadian
344,posey,NA,NA,Sam,Posey,1944-05-26,American
345,rodriguez,NA,NA,Pedro,Rodríguez,1940-01-18,Mexican
346,siffert,NA,NA,Jo,Siffert,1936-07-07,Swiss
347,bonnier,NA,NA,Jo,Bonnier,1930-01-31,Swedish
348,mazet,NA,NA,François,Mazet,1943-02-24,French
349,jean,NA,NA,Max,Jean,1943-07-27,French
350,elford,NA,NA,Vic,Elford,1935-06-10,British
351,moser,NA,NA,Silvio,Moser,1941-04-24,Swiss
352,eaton,NA,NA,George,Eaton,1945-11-12,Canadian
353,lovely,NA,NA,Pete,Lovely,1926-04-11,American
354,craft,NA,NA,Chris,Craft,1939-11-17,British
355,Cannoc,NA,NA,John,Cannon,1933-06-21,Canadian
356,jack_brabham,NA,NA,Jack,Brabham,1926-04-02,Australian
357,miles,NA,NA,John,Miles,1943-06-14,British
358,rindt,NA,NA,Jochen,Rindt,1942-04-18,Austrian
359,gavin,NA,NA,Johnny,Servoz-Gavin,1942-01-18,French
360,mclaren,NA,NA,Bruce,McLaren,1937-08-30,New Zealander
361,courage,NA,NA,Piers,Courage,1942-05-27,British
362,klerk,NA,NA,Peter,de Klerk,1935-03-16,South African
363,giunti,NA,NA,Ignazio,Giunti,1941-08-30,Italian
364,gurney,NA,NA,Dan,Gurney,1931-04-13,American
365,hahne,NA,NA,Hubert,Hahne,1935-03-28,German
366,hutchison,NA,NA,Gus,Hutchison,1937-04-26,American
367,westbury,NA,NA,Peter,Westbury,1938-05-26,British
368,tingle,NA,NA,Sam,Tingle,1921-08-24,Rhodesian
369,rooyen,NA,NA,Basil,van Rooyen,1939-04-19,South African
370,attwood,NA,NA,Richard,Attwood,1940-04-04,British
371,pease,NA,NA,Al,Pease,1921-10-15,Canadian
372,cordts,NA,NA,John,Cordts,1935-07-23,Canadian
373,clark,NA,NA,Jim,Clark,1936-03-04,British
374,spence,NA,NA,Mike,Spence,1936-12-30,British
375,scarfiotti,NA,NA,Ludovico,Scarfiotti,1933-10-18,Italian
376,bianchi,NA,BIA,Lucien,Bianchi,1934-11-10,Belgian
377,jo_schlesser,NA,NA,Jo,Schlesser,1928-05-18,French
378,widdows,NA,NA,Robin,Widdows,1942-05-27,British
379,ahrens,NA,NA,Kurt,Ahrens,1940-04-19,German
380,gardner,NA,NA,Frank,Gardner,1930-10-01,Australian
381,unser,NA,NA,Bobby,Unser,1934-02-20,American
382,solana,NA,NA,Moisés,Solana,1935-12-26,Mexican
383,anderson,NA,NA,Bob,Anderson,1931-05-19,British
384,botha,NA,NA,Luki,Botha,1930-01-16,South African
385,bandini,NA,NA,Lorenzo,Bandini,1935-12-21,Italian
386,ginther,NA,NA,Richie,Ginther,1930-08-05,American
387,parkes,NA,NA,Mike,Parkes,1931-09-24,British
388,irwin,NA,NA,Chris,Irwin,1942-06-27,British
389,ligier,NA,NA,Guy,Ligier,1930-07-12,French
390,rees,NA,NA,Alan,Rees,1938-01-12,British
391,hart,NA,NA,Brian,Hart,1936-09-07,British
392,fisher,NA,NA,Mike,Fisher,1943-03-13,American
393,tom_jones,NA,NA,Tom,Jones,1943-04-26,American
394,baghetti,NA,NA,Giancarlo,Baghetti,1934-12-25,Italian
395,williams,NA,NA,Jonathan,Williams,1942-10-26,British
396,bondurant,NA,NA,Bob,Bondurant,1933-04-27,American
397,arundell,NA,NA,Peter,Arundell,1933-11-08,British
398,vic_wilson,NA,NA,Vic,Wilson,1931-04-14,British
399,taylor,NA,NA,John,Taylor,1933-03-23,British
400,lawrence,NA,NA,Chris,Lawrence,1933-07-27,British
401,trevor_taylor,NA,NA,Trevor,Taylor,1936-12-26,British
402,geki,NA,NA,Giacomo,Russo,1937-10-23,Italian
403,phil_hill,NA,NA,Phil,Hill,1927-04-20,American
404,ireland,NA,NA,Innes,Ireland,1930-06-12,British
405,bucknum,NA,NA,Ronnie,Bucknum,1936-04-05,American
406,hawkins,NA,NA,Paul,Hawkins,1937-10-12,Australian
407,prophet,NA,NA,David,Prophet,1937-10-09,British
408,maggs,NA,NA,Tony,Maggs,1937-02-09,South African
409,blokdyk,NA,NA,Trevor,Blokdyk,1935-11-30,South African
410,lederle,NA,NA,Neville,Lederle,1938-09-25,South African
411,serrurier,NA,NA,Doug,Serrurier,1920-12-09,South African
412,niemann,NA,NA,Brausch,Niemann,1939-01-07,South African
413,pieterse,NA,NA,Ernie,Pieterse,1938-07-04,South African
414,puzey,NA,NA,Clive,Puzey,1941-07-11,Rhodesian
415,reed,NA,NA,Ray,Reed,1932-04-30,South African
416,clapham,NA,NA,David,Clapham,1931-05-18,South African
417,blignaut,NA,NA,Alex,Blignaut,1932-11-30,South African
418,gregory,NA,NA,Masten,Gregory,1932-02-29,American
419,rhodes,NA,NA,John,Rhodes,1927-08-18,British
420,raby,NA,NA,Ian,Raby,1921-09-22,British
421,rollinson,NA,NA,Alan,Rollinson,1943-05-15,British
422,gubby,NA,NA,Brian,Gubby,1934-04-17,British
423,mitter,NA,NA,Gerhard,Mitter,1935-08-30,German
424,bussinello,NA,NA,Roberto,Bussinello,1927-10-04,Italian
425,vaccarella,NA,NA,Nino,Vaccarella,1933-03-04,Italian
426,bassi,NA,NA,Giorgio,Bassi,1934-01-20,Italian
427,trintignant,NA,NA,Maurice,Trintignant,1917-10-30,French
428,collomb,NA,NA,Bernard,Collomb,1930-10-07,French
429,andre_pilette,NA,NA,André,Pilette,1918-10-06,Belgian
430,beaufort,NA,NA,Carel Godin,de Beaufort,1934-04-10,Dutch
431,barth,NA,NA,Edgar,Barth,1917-01-26,German
432,cabral,NA,NA,Mário de Araújo,Cabral,1934-01-15,Portuguese
433,hansgen,NA,NA,Walt,Hansgen,1919-10-28,American
434,sharp,NA,NA,Hap,Sharp,1928-01-01,American
435,mairesse,NA,NA,Willy,Mairesse,1928-10-01,Belgian
436,campbell-jones,NA,NA,John,Campbell-Jones,1930-01-21,British
437,burgess,NA,NA,Ian,Burgess,1930-07-06,British
438,settember,NA,NA,Tony,Settember,1926-07-10,American
439,estefano,NA,NA,Nasif,Estéfano,1932-11-18,Argentine
440,hall,NA,NA,Jim,Hall,1935-07-23,American
441,parnell,NA,NA,Tim,Parnell,1932-06-25,British
442,kuhnke,NA,NA,Kurt,Kuhnke,1910-04-30,German
443,ernesto_brambilla,NA,NA,Ernesto,Brambilla,1934-01-31,Italian
444,lippi,NA,NA,Roberto,Lippi,1926-10-17,Italian
445,seiffert,NA,NA,Günther,Seiffert,1937-10-18,German
446,abate,NA,NA,Carlo,Abate,1932-07-10,Italian
447,starrabba,NA,NA,Gaetano,Starrabba,1932-12-03,Italian
448,broeker,NA,NA,Peter,Broeker,1926-05-15,Canadian
449,ward,NA,NA,Rodger,Ward,1921-01-10,American
450,vos,NA,NA,Ernie,de Vos,1941-07-01,Dutch
451,dochnal,NA,NA,Frank,Dochnal,1920-10-08,American
452,monarch,NA,NA,Thomas,Monarch,1945-09-03,American
842,gasly,10,GAS,Pierre,Gasly,1996-02-07,French
453,lewis,NA,NA,Jackie,Lewis,1936-11-01,British
454,ricardo_rodriguez,NA,NA,Ricardo,Rodríguez,1942-02-14,Mexican
455,seidel,NA,NA,Wolfgang,Seidel,1926-07-04,German
456,salvadori,NA,NA,Roy,Salvadori,1922-05-12,British
457,pon,NA,NA,Ben,Pon,1936-12-09,Dutch
458,slotemaker,NA,NA,Rob,Slotemaker,1929-06-13,Dutch
459,marsh,NA,NA,Tony,Marsh,1931-07-20,British
460,ashmore,NA,NA,Gerry,Ashmore,1936-07-25,British
461,schiller,NA,NA,Heinz,Schiller,1930-01-25,Swiss
462,davis,NA,NA,Colin,Davis,1933-07-29,British
463,chamberlain,NA,NA,Jay,Chamberlain,1925-12-29,American
464,shelly,NA,NA,Tony,Shelly,1937-02-02,New Zealander
465,greene,NA,NA,Keith,Greene,1938-01-05,British
466,walter,NA,NA,Heini,Walter,1927-07-28,Swiss
467,prinoth,NA,NA,Ernesto,Prinoth,1923-04-15,Italian
468,penske,NA,NA,Roger,Penske,1937-02-20,American
469,schroeder,NA,NA,Rob,Schroeder,1926-05-11,British
470,mayer,NA,NA,Timmy,Mayer,1938-02-22,American
471,johnstone,NA,NA,Bruce,Johnstone,1937-01-30,South African
472,harris,NA,NA,Mike,Harris,1939-05-25,South African
473,hocking,NA,NA,Gary,Hocking,1937-09-30,Rhodesian
474,vyver,NA,NA,Syd,van der Vyver,1920-06-01,South African
475,moss,NA,NA,Stirling,Moss,1929-09-17,British
476,trips,NA,NA,Wolfgang,von Trips,1928-05-04,German
477,allison,NA,NA,Cliff,Allison,1932-02-08,British
478,herrmann,NA,NA,Hans,Herrmann,1928-02-23,German
479,brooks,NA,NA,Tony,Brooks,1932-02-25,British
480,may,NA,NA,Michael,May,1934-08-18,Swiss
481,henry_taylor,NA,NA,Henry,Taylor,1932-12-16,British
482,gendebien,NA,NA,Olivier,Gendebien,1924-01-12,Belgian
483,scarlatti,NA,NA,Giorgio,Scarlatti,1921-10-02,Italian
484,naylor,NA,NA,Brian,Naylor,1923-03-24,British
485,bordeu,NA,NA,Juan Manuel,Bordeu,1934-01-28,Argentine
486,fairman,NA,NA,Jack,Fairman,1913-03-15,British
487,natili,NA,NA,Massimo,Natili,1935-07-28,Italian
488,monteverdi,NA,NA,Peter,Monteverdi,1934-06-07,Swiss
489,pirocchi,NA,NA,Renato,Pirocchi,1933-03-26,Italian
490,duke,NA,NA,Geoff,Duke,1923-03-29,British
491,thiele,NA,NA,Alfonso,Thiele,1920-04-05,American-Italian
492,boffa,NA,NA,Menato,Boffa,1930-01-04,Italian
493,ryan,NA,NA,Peter,Ryan,1940-06-10,Canadian
494,ruby,NA,NA,Lloyd,Ruby,1928-01-12,American
495,ken_miles,NA,NA,Ken,Miles,1918-11-01,British
496,menditeguy,NA,NA,Carlos,Menditeguy,1914-08-10,Argentine
497,larreta,NA,NA,Alberto Rodriguez,Larreta,1934-01-14,Argentine
498,gonzalez,NA,NA,José Froilán,González,1922-10-05,Argentine
499,bonomi,NA,NA,Roberto,Bonomi,1919-09-30,Argentine
500,munaron,NA,NA,Gino,Munaron,1928-04-02,Italian
501,schell,NA,NA,Harry,Schell,1921-06-29,American
502,stacey,NA,NA,Alan,Stacey,1933-08-29,British
503,chimeri,NA,NA,Ettore,Chimeri,1921-06-04,Venezuelan
504,creus,NA,NA,Antonio,Creus,1924-10-28,Spanish
505,bristow,NA,NA,Chris,Bristow,1937-12-02,British
506,halford,NA,NA,Bruce,Halford,1931-05-18,British
507,daigh,NA,NA,Chuck,Daigh,1923-11-29,American
508,reventlow,NA,NA,Lance,Reventlow,1936-02-24,American
509,rathmann,NA,NA,Jim,Rathmann,1928-07-16,American
510,goldsmith,NA,NA,Paul,Goldsmith,1925-10-02,American
511,branson,NA,NA,Don,Branson,1920-06-02,American
512,thomson,NA,NA,Johnny,Thomson,1922-04-09,American
513,johnson,NA,NA,Eddie,Johnson,1919-02-10,American
514,veith,NA,NA,Bob,Veith,1926-11-01,American
515,tingelstad,NA,NA,Bud,Tingelstad,1928-04-04,American
516,christie,NA,NA,Bob,Christie,1924-04-04,American
517,amick,NA,NA,Red,Amick,1929-01-19,American
518,darter,NA,NA,Duane,Carter,1913-05-05,American
519,homeier,NA,NA,Bill,Homeier,1918-08-31,American
520,hartley,NA,NA,Gene,Hartley,1926-01-28,American
521,stevenson,NA,NA,Chuck,Stevenson,1919-10-15,American
522,grim,NA,NA,Bobby,Grim,1924-09-04,American
523,templeman,NA,NA,Shorty,Templeman,1919-08-12,American
524,hurtubise,NA,NA,Jim,Hurtubise,1932-12-05,American
525,bryan,NA,NA,Jimmy,Bryan,1926-01-28,American
526,ruttman,NA,NA,Troy,Ruttman,1930-03-11,American
527,sachs,NA,NA,Eddie,Sachs,1927-05-28,American
528,freeland,NA,NA,Don,Freeland,1925-03-25,American
529,bettenhausen,NA,NA,Tony,Bettenhausen,1916-09-12,American
530,weiler,NA,NA,Wayne,Weiler,1934-12-09,American
531,foyt,NA,NA,Anthony,Foyt,1935-01-16,American
532,russo,NA,NA,Eddie,Russo,1925-11-19,American
533,boyd,NA,NA,Johnny,Boyd,1926-08-19,American
534,force,NA,NA,Gene,Force,1916-06-15,American
535,mcwithey,NA,NA,Jim,McWithey,1927-07-04,American
536,sutton,NA,NA,Len,Sutton,1925-08-09,American
537,dick_rathmann,NA,NA,Dick,Rathmann,1924-01-06,American
538,herman,NA,NA,Al,Herman,1927-03-15,American
539,dempsey_wilson,NA,NA,Dempsey,Wilson,1927-03-11,American
540,mike_taylor,NA,NA,Mike,Taylor,1934-04-24,British
541,flockhart,NA,NA,Ron,Flockhart,1923-06-16,British
542,piper,NA,NA,David,Piper,1930-12-02,British
543,cabianca,NA,NA,Giulio,Cabianca,1923-02-19,Italian
544,drogo,NA,NA,Piero,Drogo,1926-08-08,Italian
545,gamble,NA,NA,Fred,Gamble,1932-03-17,American
546,owen,NA,NA,Arthur,Owen,1915-03-23,British
547,gould,NA,NA,Horace,Gould,1918-09-20,British
548,drake,NA,NA,Bob,Drake,1919-12-14,American
549,bueb,NA,NA,Ivor,Bueb,1923-06-06,British
550,Changy,NA,NA,Alain,de Changy,1922-02-05,Belgian
551,filippis,NA,NA,Maria,de Filippis,1926-11-11,Italian
552,lucienbonnet,NA,NA,Jean,Lucienbonnet,1923-01-07,French
553,testut,NA,NA,André,Testut,1926-04-13,Monegasque
554,behra,NA,NA,Jean,Behra,1921-02-16,French
555,paul_russo,NA,NA,Paul,Russo,1914-04-10,American
556,daywalt,NA,NA,Jimmy,Daywalt,1924-08-28,American
557,arnold,NA,NA,Chuck,Arnold,1926-05-30,American
558,keller,NA,NA,Al,Keller,1920-04-11,American
559,flaherty,NA,NA,Pat,Flaherty,1926-01-06,American
560,cheesbourg,NA,NA,Bill,Cheesbourg,1927-06-12,American
561,ray_crawford,NA,NA,Ray,Crawford,1915-10-26,American
562,turner,NA,NA,Jack,Turner,1920-02-12,American
563,weyant,NA,NA,Chuck,Weyant,1923-04-03,American
564,larson,NA,NA,Jud,Larson,1923-01-21,American
565,magill,NA,NA,Mike,Magill,1920-02-08,American
566,shelby,NA,NA,Carroll,Shelby,1923-01-11,American
567,orey,NA,NA,Fritz,d'Orey,1938-03-25,Brazilian
568,fontes,NA,NA,Azdrubal,Fontes,1922-12-26,Uruguayan
569,ashdown,NA,NA,Peter,Ashdown,1934-10-16,British
570,bill_moss,NA,NA,Bill,Moss,1933-09-04,British
571,dennis_taylor,NA,NA,Dennis,Taylor,1921-06-12,British
572,blanchard,NA,NA,Harry,Blanchard,1929-06-13,American
573,tomaso,NA,NA,Alessandro,de Tomaso,1928-07-10,Argentine-Italian
574,constantine,NA,NA,George,Constantine,1918-02-22,American
575,said,NA,NA,Bob,Said,1932-05-05,American
576,cade,NA,NA,Phil,Cade,1916-06-12,American
577,musso,NA,NA,Luigi,Musso,1924-07-28,Italian
578,hawthorn,NA,NA,Mike,Hawthorn,1929-04-10,British
579,fangio,NA,NA,Juan,Fangio,1911-06-24,Argentine
580,godia,NA,NA,Paco,Godia,1921-03-21,Spanish
581,collins,NA,NA,Peter,Collins,1931-11-06,British
582,kavanagh,NA,NA,Ken,Kavanagh,1923-12-12,Australian
583,gerini,NA,NA,Gerino,Gerini,1928-08-10,Italian
584,kessler,NA,NA,Bruce,Kessler,1936-03-23,American
585,emery,NA,NA,Paul,Emery,1916-11-12,British
586,piotti,NA,NA,Luigi,Piotti,1913-10-27,Italian
587,ecclestone,NA,NA,Bernie,Ecclestone,1930-10-28,British
588,taramazzo,NA,NA,Luigi,Taramazzo,1932-05-05,Italian
589,chiron,NA,NA,Louis,Chiron,1899-08-03,Monegasque
590,lewis-evans,NA,NA,Stuart,Lewis-Evans,1930-04-20,British
591,george_amick,NA,NA,George,Amick,1924-10-24,American
592,reece,NA,NA,Jimmy,Reece,1929-11-17,American
593,parsons,NA,NA,Johnnie,Parsons,1918-07-04,American
594,tolan,NA,NA,Johnnie,Tolan,1917-10-22,American
595,garrett,NA,NA,Billy,Garrett,1933-04-24,American
596,elisian,NA,NA,Ed,Elisian,1926-12-09,American
597,connor,NA,NA,Pat,O'Connor,1928-10-09,American
598,jerry_unser,NA,NA,Jerry,Unser,1932-11-15,American
599,bisch,NA,NA,Art,Bisch,1926-11-10,American
600,goethals,NA,NA,Christian,Goethals,1928-08-04,Belgian
601,gibson,NA,NA,Dick,Gibson,1918-04-16,British
602,la_caze,NA,NA,Robert,La Caze,1917-02-26,French
603,guelfi,NA,NA,André,Guelfi,1919-05-06,French
604,picard,NA,NA,François,Picard,1921-04-26,French
605,bridger,NA,NA,Tom,Bridger,1934-06-24,British
606,portago,NA,NA,Alfonso,de Portago,1928-10-11,Spanish
607,perdisa,NA,NA,Cesare,Perdisa,1932-10-21,Italian
608,castellotti,NA,NA,Eugenio,Castellotti,1930-10-10,Italian
609,simon,NA,NA,André,Simon,1920-01-05,French
610,leston,NA,NA,Les,Leston,1920-12-16,British
611,hanks,NA,NA,Sam,Hanks,1914-07-13,American
612,linden,NA,NA,Andy,Linden,1922-04-05,American
613,teague,NA,NA,Marshall,Teague,1921-02-22,American
614,edmunds,NA,NA,Don,Edmunds,1930-09-23,American
615,agabashian,NA,NA,Fred,Agabashian,1913-08-21,American
616,george,NA,NA,Elmer,George,1928-07-15,American
617,macdowel,NA,NA,Mike,MacDowel,1932-09-13,British
618,mackay-fraser,NA,NA,Herbert,MacKay-Fraser,1927-06-23,American
619,gerard,NA,NA,Bob,Gerard,1914-01-19,British
620,maglioli,NA,NA,Umberto,Maglioli,1928-06-05,Italian
621,england,NA,NA,Paul,England,1929-03-28,Australian
622,landi,NA,NA,Chico,Landi,1907-07-14,Brazilian
623,uria,NA,NA,Alberto,Uria,1924-07-11,Uruguayan
624,ramos,NA,NA,Hernando,da Silva Ramos,1925-12-07,Brazilian
625,bayol,NA,NA,Élie,Bayol,1914-02-28,French
626,manzon,NA,NA,Robert,Manzon,1917-04-12,French
627,rosier,NA,NA,Louis,Rosier,1905-11-05,French
628,sweikert,NA,NA,Bob,Sweikert,1926-05-20,American
629,griffith,NA,NA,Cliff,Griffith,1916-02-06,American
630,dinsmore,NA,NA,Duke,Dinsmore,1913-04-10,American
631,andrews,NA,NA,Keith,Andrews,1920-06-15,American
632,frere,NA,NA,Paul,Frère,1917-01-30,Belgian
633,villoresi,NA,NA,Luigi,Villoresi,1909-05-16,Italian
634,scotti,NA,NA,Piero,Scotti,1909-11-11,Italian
635,chapman,NA,NA,Colin,Chapman,1928-05-19,British
636,titterington,NA,NA,Desmond,Titterington,1928-05-01,British
637,scott_Brown,NA,NA,Archie,Scott Brown,1927-05-13,British
638,volonterio,NA,NA,Ottorino,Volonterio,1917-12-07,Swiss
639,milhoux,NA,NA,André,Milhoux,1928-12-09,Belgian
640,graffenried,NA,NA,Toulo,de Graffenried,1914-05-18,Swiss
641,taruffi,NA,NA,Piero,Taruffi,1906-10-12,Italian
642,farina,NA,NA,Nino,Farina,1906-10-30,Italian
643,mieres,NA,NA,Roberto,Mieres,1924-12-03,Argentine
644,mantovani,NA,NA,Sergio,Mantovani,1929-05-22,Italian
645,bucci,NA,NA,Clemar,Bucci,1920-09-04,Argentine
646,iglesias,NA,NA,Jesús,Iglesias,1922-02-22,Argentine
647,ascari,NA,NA,Alberto,Ascari,1918-07-13,Italian
648,kling,NA,NA,Karl,Kling,1910-09-16,German
649,birger,NA,NA,Pablo,Birger,1924-01-07,Argentine
650,pollet,NA,NA,Jacques,Pollet,1922-07-02,French
651,macklin,NA,NA,Lance,Macklin,1919-09-02,British
652,whiteaway,NA,NA,Ted,Whiteaway,1928-11-01,British
653,davies,NA,NA,Jimmy,Davies,1929-08-08,American
654,faulkner,NA,NA,Walt,Faulkner,1920-02-16,American
655,niday,NA,NA,Cal,Niday,1914-04-29,American
656,cross,NA,NA,Art,Cross,1918-01-24,American
657,vukovich,NA,NA,Bill,Vukovich,1918-12-13,American
658,mcgrath,NA,NA,Jack,McGrath,1919-10-08,American
659,hoyt,NA,NA,Jerry,Hoyt,1929-01-29,American
660,claes,NA,NA,Johnny,Claes,1916-08-11,Belgian
661,peter_walker,NA,NA,Peter,Walker,1912-10-07,British
662,sparken,NA,NA,Mike,Sparken,1930-06-16,French
663,wharton,NA,NA,Ken,Wharton,1916-03-21,British
664,mcalpine,NA,NA,Kenneth,McAlpine,1920-09-21,British
665,marr,NA,NA,Leslie,Marr,1922-08-14,British
666,rolt,NA,NA,Tony,Rolt,1918-10-16,British
667,fitch,NA,NA,John,Fitch,1917-08-04,American
668,lucas,NA,NA,Jean,Lucas,1917-04-25,French
669,bira,NA,NA,Prince,Bira,1914-07-15,Thai
670,marimon,NA,NA,Onofre,Marimón,1923-12-19,Argentine
671,loyer,NA,NA,Roger,Loyer,1907-08-05,French
672,daponte,NA,NA,Jorge,Daponte,1923-06-05,Argentine
673,nazaruk,NA,NA,Mike,Nazaruk,1921-10-02,American
674,crockett,NA,NA,Larry,Crockett,1926-10-23,American
675,ayulo,NA,NA,Manny,Ayulo,1921-10-20,American
676,armi,NA,NA,Frank,Armi,1918-10-12,American
677,webb,NA,NA,Travis,Webb,1910-10-08,American
678,duncan,NA,NA,Len,Duncan,1911-07-25,American
679,mccoy,NA,NA,Ernie,McCoy,1921-02-19,American
680,swaters,NA,NA,Jacques,Swaters,1926-10-30,American
681,georges_berger,NA,NA,Georges,Berger,1918-09-14,Belgian
682,beauman,NA,NA,Don,Beauman,1928-07-26,British
683,thorne,NA,NA,Leslie,Thorne,1916-06-23,British
684,whitehouse,NA,NA,Bill,Whitehouse,1909-04-01,British
685,riseley_prichard,NA,NA,John,Riseley-Prichard,1924-01-17,British
686,reg_parnell,NA,NA,Reg,Parnell,1911-07-02,British
687,whitehead,NA,NA,Peter,Whitehead,1914-11-12,British
688,brandon,NA,NA,Eric,Brandon,1920-07-18,British
689,alan_brown,NA,NA,Alan,Brown,1919-11-20,British
690,nuckey,NA,NA,Rodney,Nuckey,1929-06-26,British
691,lang,NA,NA,Hermann,Lang,1909-04-06,German
692,helfrich,NA,NA,Theo,Helfrich,1913-05-13,German
693,wacker,NA,NA,Fred,Wacker,1918-07-10,American
694,riu,NA,NA,Giovanni,de Riu,1925-03-10,Italian
695,galvez,NA,NA,Oscar,Gálvez,1913-08-17,Argentine
696,john_barber,NA,NA,John,Barber,1929-07-22,British
697,bonetto,NA,NA,Felice,Bonetto,1903-06-09,Italian
698,cruz,NA,NA,Adolfo,Cruz,1923-06-28,Argentine
699,nalon,NA,NA,Duke,Nalon,1913-03-02,American
700,scarborough,NA,NA,Carl,Scarborough,1914-07-03,American
701,holland,NA,NA,Bill,Holland,1907-12-18,American
702,bob_scott,NA,NA,Bob,Scott,1928-10-04,American
703,legat,NA,NA,Arthur,Legat,1898-11-01,Belgian
704,cabantous,NA,NA,Yves,Cabantous,1904-10-08,French
705,crook,NA,NA,Tony,Crook,1920-02-16,British
706,jimmy_stewart,NA,NA,Jimmy,Stewart,1931-03-06,British
707,ian_stewart,NA,NA,Ian,Stewart,1929-07-15,British
708,duncan_hamilton,NA,NA,Duncan,Hamilton,1920-04-30,British
709,klodwig,NA,NA,Ernst,Klodwig,1903-05-23,East German
710,krause,NA,NA,Rudolf,Krause,1907-03-30,East German
711,karch,NA,NA,Oswald,Karch,1917-03-06,German
712,heeks,NA,NA,Willi,Heeks,1922-02-13,German
713,fitzau,NA,NA,Theo,Fitzau,1923-02-10,East German
714,adolff,NA,NA,Kurt,Adolff,1921-11-05,German
715,bechem,NA,NA,Günther,Bechem,1921-12-21,German
716,bauer,NA,NA,Erwin,Bauer,1912-07-17,German
717,hans_stuck,NA,NA,Hans,von Stuck,1900-12-27,German
718,loof,NA,NA,Ernst,Loof,1907-07-04,German
719,scherrer,NA,NA,Albert,Scherrer,1908-02-28,Swiss
720,terra,NA,NA,Max,de Terra,1918-10-06,Swiss
721,hirt,NA,NA,Peter,Hirt,1910-03-30,Swiss
722,carini,NA,NA,Piero,Carini,1921-03-06,Italian
723,fischer,NA,NA,Rudi,Fischer,1912-04-19,Swiss
724,ulmen,NA,NA,Toni,Ulmen,1906-01-25,German
725,abecassis,NA,NA,George,Abecassis,1913-03-21,British
726,george_connor,NA,NA,George,Connor,1906-08-16,American
727,rigsby,NA,NA,Jim,Rigsby,1923-06-06,American
728,james,NA,NA,Joe,James,1925-05-23,American
729,schindler,NA,NA,Bill,Schindler,1909-03-06,American
730,fonder,NA,NA,George,Fonder,1917-06-22,American
731,banks,NA,NA,Henry,Banks,1913-06-14,American
732,mcdowell,NA,NA,Johnny,McDowell,1915-01-29,American
733,miller,NA,NA,Chet,Miller,1902-07-19,American
734,ball,NA,NA,Bobby,Ball,1925-08-26,American
735,tornaco,NA,NA,Charles,de Tornaco,1927-06-07,Belgian
736,laurent,NA,NA,Roger,Laurent,1913-02-21,Belgian
737,obrien,NA,NA,Robert,O'Brien,1908-04-11,American
738,gaze,NA,NA,Tony,Gaze,1920-02-03,Australian
739,charrington,NA,NA,Robin,Montgomerie-Charrington,1915-06-23,British
740,comotti,NA,NA,Franco,Comotti,1906-07-24,Italian
741,etancelin,NA,NA,Philippe,Étancelin,1896-12-28,French
742,poore,NA,NA,Dennis,Poore,1916-08-19,British
743,thompson,NA,NA,Eric,Thompson,1919-11-04,British
744,downing,NA,NA,Ken,Downing,1917-12-05,British
745,graham_whitehead,NA,NA,Graham,Whitehead,1922-04-15,British
746,bianco,NA,NA,Gino,Bianco,1916-07-22,Brazilian
747,murray,NA,NA,David,Murray,1909-12-28,British
748,cantoni,NA,NA,Eitel,Cantoni,1906-10-04,Uruguayan
749,aston,NA,NA,Bill,Aston,1900-03-29,British
750,brudes,NA,NA,Adolf,Brudes,1899-10-15,German
751,riess,NA,NA,Fritz,Riess,1922-07-11,German
752,niedermayr,NA,NA,Helmut,Niedermayr,1915-11-29,German
753,klenk,NA,NA,Hans,Klenk,1919-10-28,German
754,balsa,NA,NA,Marcel,Balsa,1909-01-01,French
755,schoeller,NA,NA,Rudolf,Schoeller,1902-04-27,Swiss
756,pietsch,NA,NA,Paul,Pietsch,1911-06-20,German
757,peters,NA,NA,Josef,Peters,1914-09-16,German
758,lof,NA,NA,Dries,van der Lof,1919-08-23,Dutch
759,flinterman,NA,NA,Jan,Flinterman,1919-10-02,Dutch
760,dusio,NA,NA,Piero,Dusio,1899-10-13,Italian
761,crespo,NA,NA,Alberto,Crespo,1920-01-16,Argentine
762,rol,NA,NA,Franco,Rol,1908-06-05,Italian
763,sanesi,NA,NA,Consalvo,Sanesi,1911-03-28,Italian
764,guy_mairesse,NA,NA,Guy,Mairesse,1910-08-10,French
765,louveau,NA,NA,Henri,Louveau,1910-01-25,French
766,wallard,NA,NA,Lee,Wallard,1910-09-07,American
767,forberg,NA,NA,Carl,Forberg,1911-03-04,American
768,rose,NA,NA,Mauri,Rose,1906-05-26,American
769,mackey,NA,NA,Bill,Mackey,1927-12-15,American
770,green,NA,NA,Cecil,Green,1919-09-30,American
771,walt_brown,NA,NA,Walt,Brown,1911-12-30,American
772,hellings,NA,NA,Mack,Hellings,1915-09-14,American
773,levegh,NA,NA,Pierre,Levegh,1905-12-22,French
774,chaboud,NA,NA,Eugène,Chaboud,1907-04-12,French
775,gordini,NA,NA,Aldo,Gordini,1921-05-20,French
776,kelly,NA,NA,Joe,Kelly,1913-03-13,Irish
777,parker,NA,NA,Philip,Fotheringham-Parker,1907-09-22,British
778,shawe_taylor,NA,NA,Brian,Shawe Taylor,1915-01-28,British
779,john_james,NA,NA,John,James,1914-05-10,British
780,branca,NA,NA,Toni,Branca,1916-09-15,Swiss
781,richardson,NA,NA,Ken,Richardson,1911-08-21,British
782,jover,NA,NA,Juan,Jover,1903-11-23,Spanish
783,grignard,NA,NA,Georges,Grignard,1905-07-25,French
784,hampshire,NA,NA,David,Hampshire,1917-12-29,British
785,crossley,NA,NA,Geoff,Crossley,1921-05-11,British
786,fagioli,NA,NA,Luigi,Fagioli,1898-06-09,Italian
787,harrison,NA,NA,Cuth,Harrison,1906-07-06,British
788,fry,NA,NA,Joe,Fry,1915-10-26,British
789,martin,NA,NA,Eugène,Martin,1915-03-24,French
790,leslie_johnson,NA,NA,Leslie,Johnson,1912-03-22,British
791,biondetti,NA,NA,Clemente,Biondetti,1898-08-18,Italian
792,pian,NA,NA,Alfredo,Pián,1912-10-21,Argentine
793,sommer,NA,NA,Raymond,Sommer,1906-08-31,French
794,chitwood,NA,NA,Joie,Chitwood,1912-04-14,American
795,fohr,NA,NA,Myron,Fohr,1912-06-17,American
796,ader,NA,NA,Walt,Ader,1913-12-15,American
797,holmes,NA,NA,Jackie,Holmes,1920-09-04,American
798,levrett,NA,NA,Bayliss,Levrett,1914-02-14,American
799,jackson,NA,NA,Jimmy,Jackson,1910-07-25,American
800,pagani,NA,NA,Nello,Pagani,1911-10-11,Italian
801,pozzi,NA,NA,Charles,Pozzi,1909-08-27,French
802,serafini,NA,NA,Dorino,Serafini,1909-07-22,Italian
803,cantrell,NA,NA,Bill,Cantrell,1908-01-31,American
804,mantz,NA,NA,Johnny,Mantz,1918-09-18,American
805,kladis,NA,NA,Danny,Kladis,1917-02-10,American
806,oscar_gonzalez,NA,NA,Óscar,González,1923-11-10,Uruguayan
807,hulkenberg,27,HUL,Nico,Hülkenberg,1987-08-19,German
808,petrov,NA,PET,Vitaly,Petrov,1984-09-08,Russian
810,grassi,NA,DIG,Lucas,di Grassi,1984-08-11,Brazilian
811,bruno_senna,NA,SEN,Bruno,Senna,1983-10-15,Brazilian
812,chandhok,NA,CHA,Karun,Chandhok,1984-01-19,Indian
813,maldonado,13,MAL,Pastor,Maldonado,1985-03-09,Venezuelan
814,resta,40,DIR,Paul,di Resta,1986-04-16,British
815,perez,11,PER,Sergio,Pérez,1990-01-26,Mexican
816,ambrosio,NA,DAM,Jérôme,d'Ambrosio,1985-12-27,Belgian
817,ricciardo,3,RIC,Daniel,Ricciardo,1989-07-01,Australian
818,vergne,25,VER,Jean-Éric,Vergne,1990-04-25,French
819,pic,NA,PIC,Charles,Pic,1990-02-15,French
820,chilton,4,CHI,Max,Chilton,1991-04-21,British
821,gutierrez,21,GUT,Esteban,Gutiérrez,1991-08-05,Mexican
822,bottas,77,BOT,Valtteri,Bottas,1989-08-28,Finnish
823,garde,NA,VDG,Giedo,van der Garde,1985-04-25,Dutch
824,jules_bianchi,17,BIA,Jules,Bianchi,1989-08-03,French
825,kevin_magnussen,20,MAG,Kevin,Magnussen,1992-10-05,Danish
826,kvyat,26,KVY,Daniil,Kvyat,1994-04-26,Russian
827,lotterer,45,LOT,André,Lotterer,1981-11-19,German
828,ericsson,9,ERI,Marcus,Ericsson,1990-09-02,Swedish
829,stevens,28,STE,Will,Stevens,1991-06-28,British
830,max_verstappen,33,VER,Max,Verstappen,1997-09-30,Dutch
831,nasr,12,NAS,Felipe,Nasr,1992-08-21,Brazilian
832,sainz,55,SAI,Carlos,Sainz,1994-09-01,Spanish
833,merhi,98,MER,Roberto,Merhi,1991-03-22,Spanish
834,rossi,53,RSS,Alexander,Rossi,1991-09-25,American
835,jolyon_palmer,30,PAL,Jolyon,Palmer,1991-01-20,British
836,wehrlein,94,WEH,Pascal,Wehrlein,1994-10-18,German
837,haryanto,88,HAR,Rio,Haryanto,1993-01-22,Indonesian
838,vandoorne,2,VAN,Stoffel,Vandoorne,1992-03-26,Belgian
839,ocon,31,OCO,Esteban,Ocon,1996-09-17,French
840,stroll,18,STR,Lance,Stroll,1998-10-29,Canadian
841,giovinazzi,99,GIO,Antonio,Giovinazzi,1993-12-14,Italian
843,brendon_hartley,28,HAR,Brendon,Hartley,1989-11-10,New Zealander
844,leclerc,16,LEC,Charles,Leclerc,1997-10-16,Monegasque
845,sirotkin,35,SIR,Sergey,Sirotkin,1995-08-27,Russian
846,norris,4,NOR,Lando,Norris,1999-11-13,British
847,russell,63,RUS,George,Russell,1998-02-15,British
848,albon,23,ALB,Alexander,Albon,1996-03-23,Thai
849,latifi,6,LAT,Nicholas,Latifi,1995-06-29,Canadian
850,pietro_fittipaldi,51,FIT,Pietro,Fittipaldi,1996-06-25,Brazilian
851,aitken,89,AIT,Jack,Aitken,1995-09-23,British
852,tsunoda,22,TSU,Yuki,Tsunoda,2000-05-11,Japanese
853,mazepin,9,MAZ,Nikita,Mazepin,1999-03-02,Russian
854,mick_schumacher,47,MSC,Mick,Schumacher,1999-03-22,German
855,zhou,24,ZHO,Guanyu,Zhou,1999-05-30,Chinese
856,de_vries,21,DEV,Nyck,de Vries,1995-02-06,Dutch
857,piastri,81,PIA,Oscar,Piastri,2001-04-06,Australian
858,sargeant,2,SAR,Logan,Sargeant,2000-12-31,American
859,lawson,30,LAW,Liam,Lawson,2002-02-11,New Zealander
860,bearman,38,BEA,Oliver,Bearman,2005-05-08,British
861,colapinto,43,COL,Franco,Colapinto,2003-05-27,Argentinian 
862,doohan,61,DOO,Jack,Doohan,2003-01-20,Australian
