raceId,year,round,circuitId,name,date,fp1_date,fp2_date,fp3_date,quali_date,sprint_date
1,2009,1,1,Australian Grand Prix,2009-03-29,NA,NA,NA,NA,NA
2,2009,2,2,Malaysian Grand Prix,2009-04-05,NA,NA,NA,NA,NA
3,2009,3,17,Chinese Grand Prix,2009-04-19,NA,NA,NA,NA,NA
4,2009,4,3,Bahrain Grand Prix,2009-04-26,NA,NA,NA,NA,NA
5,2009,5,4,Spanish Grand Prix,2009-05-10,NA,NA,NA,NA,NA
6,2009,6,6,Monaco Grand Prix,2009-05-24,NA,NA,NA,NA,NA
7,2009,7,5,Turkish Grand Prix,2009-06-07,NA,NA,NA,NA,NA
8,2009,8,9,British Grand Prix,2009-06-21,NA,NA,NA,NA,NA
9,2009,9,20,German Grand Prix,2009-07-12,NA,NA,NA,NA,NA
10,2009,10,11,Hungarian Grand Prix,2009-07-26,NA,NA,NA,NA,NA
11,2009,11,12,European Grand Prix,2009-08-23,NA,NA,NA,NA,NA
12,2009,12,13,Belgian Grand Prix,2009-08-30,NA,NA,NA,NA,NA
13,2009,13,14,Italian Grand Prix,2009-09-13,NA,NA,NA,NA,NA
14,2009,14,15,Singapore Grand Prix,2009-09-27,NA,NA,NA,NA,NA
15,2009,15,22,Japanese Grand Prix,2009-10-04,NA,NA,NA,NA,NA
16,2009,16,18,Brazilian Grand Prix,2009-10-18,NA,NA,NA,NA,NA
17,2009,17,24,Abu Dhabi Grand Prix,2009-11-01,NA,NA,NA,NA,NA
18,2008,1,1,Australian Grand Prix,2008-03-16,NA,NA,NA,NA,NA
19,2008,2,2,Malaysian Grand Prix,2008-03-23,NA,NA,NA,NA,NA
20,2008,3,3,Bahrain Grand Prix,2008-04-06,NA,NA,NA,NA,NA
21,2008,4,4,Spanish Grand Prix,2008-04-27,NA,NA,NA,NA,NA
22,2008,5,5,Turkish Grand Prix,2008-05-11,NA,NA,NA,NA,NA
23,2008,6,6,Monaco Grand Prix,2008-05-25,NA,NA,NA,NA,NA
24,2008,7,7,Canadian Grand Prix,2008-06-08,NA,NA,NA,NA,NA
25,2008,8,8,French Grand Prix,2008-06-22,NA,NA,NA,NA,NA
26,2008,9,9,British Grand Prix,2008-07-06,NA,NA,NA,NA,NA
27,2008,10,10,German Grand Prix,2008-07-20,NA,NA,NA,NA,NA
28,2008,11,11,Hungarian Grand Prix,2008-08-03,NA,NA,NA,NA,NA
29,2008,12,12,European Grand Prix,2008-08-24,NA,NA,NA,NA,NA
30,2008,13,13,Belgian Grand Prix,2008-09-07,NA,NA,NA,NA,NA
31,2008,14,14,Italian Grand Prix,2008-09-14,NA,NA,NA,NA,NA
32,2008,15,15,Singapore Grand Prix,2008-09-28,NA,NA,NA,NA,NA
33,2008,16,16,Japanese Grand Prix,2008-10-12,NA,NA,NA,NA,NA
34,2008,17,17,Chinese Grand Prix,2008-10-19,NA,NA,NA,NA,NA
35,2008,18,18,Brazilian Grand Prix,2008-11-02,NA,NA,NA,NA,NA
36,2007,1,1,Australian Grand Prix,2007-03-18,NA,NA,NA,NA,NA
37,2007,2,2,Malaysian Grand Prix,2007-04-08,NA,NA,NA,NA,NA
38,2007,3,3,Bahrain Grand Prix,2007-04-15,NA,NA,NA,NA,NA
39,2007,4,4,Spanish Grand Prix,2007-05-13,NA,NA,NA,NA,NA
40,2007,5,6,Monaco Grand Prix,2007-05-27,NA,NA,NA,NA,NA
41,2007,6,7,Canadian Grand Prix,2007-06-10,NA,NA,NA,NA,NA
42,2007,7,19,United States Grand Prix,2007-06-17,NA,NA,NA,NA,NA
43,2007,8,8,French Grand Prix,2007-07-01,NA,NA,NA,NA,NA
44,2007,9,9,British Grand Prix,2007-07-08,NA,NA,NA,NA,NA
45,2007,10,20,European Grand Prix,2007-07-22,NA,NA,NA,NA,NA
46,2007,11,11,Hungarian Grand Prix,2007-08-05,NA,NA,NA,NA,NA
47,2007,12,5,Turkish Grand Prix,2007-08-26,NA,NA,NA,NA,NA
48,2007,13,14,Italian Grand Prix,2007-09-09,NA,NA,NA,NA,NA
49,2007,14,13,Belgian Grand Prix,2007-09-16,NA,NA,NA,NA,NA
50,2007,15,16,Japanese Grand Prix,2007-09-30,NA,NA,NA,NA,NA
51,2007,16,17,Chinese Grand Prix,2007-10-07,NA,NA,NA,NA,NA
52,2007,17,18,Brazilian Grand Prix,2007-10-21,NA,NA,NA,NA,NA
53,2006,1,3,Bahrain Grand Prix,2006-03-12,NA,NA,NA,NA,NA
54,2006,2,2,Malaysian Grand Prix,2006-03-19,NA,NA,NA,NA,NA
55,2006,3,1,Australian Grand Prix,2006-04-02,NA,NA,NA,NA,NA
56,2006,4,21,San Marino Grand Prix,2006-04-23,NA,NA,NA,NA,NA
57,2006,5,20,European Grand Prix,2006-05-07,NA,NA,NA,NA,NA
58,2006,6,4,Spanish Grand Prix,2006-05-14,NA,NA,NA,NA,NA
59,2006,7,6,Monaco Grand Prix,2006-05-28,NA,NA,NA,NA,NA
60,2006,8,9,British Grand Prix,2006-06-11,NA,NA,NA,NA,NA
61,2006,9,7,Canadian Grand Prix,2006-06-25,NA,NA,NA,NA,NA
62,2006,10,19,United States Grand Prix,2006-07-02,NA,NA,NA,NA,NA
63,2006,11,8,French Grand Prix,2006-07-16,NA,NA,NA,NA,NA
64,2006,12,10,German Grand Prix,2006-07-30,NA,NA,NA,NA,NA
65,2006,13,11,Hungarian Grand Prix,2006-08-06,NA,NA,NA,NA,NA
66,2006,14,5,Turkish Grand Prix,2006-08-27,NA,NA,NA,NA,NA
67,2006,15,14,Italian Grand Prix,2006-09-10,NA,NA,NA,NA,NA
68,2006,16,17,Chinese Grand Prix,2006-10-01,NA,NA,NA,NA,NA
69,2006,17,22,Japanese Grand Prix,2006-10-08,NA,NA,NA,NA,NA
70,2006,18,18,Brazilian Grand Prix,2006-10-22,NA,NA,NA,NA,NA
71,2005,1,1,Australian Grand Prix,2005-03-06,NA,NA,NA,NA,NA
72,2005,2,2,Malaysian Grand Prix,2005-03-20,NA,NA,NA,NA,NA
73,2005,3,3,Bahrain Grand Prix,2005-04-03,NA,NA,NA,NA,NA
74,2005,4,21,San Marino Grand Prix,2005-04-24,NA,NA,NA,NA,NA
75,2005,5,4,Spanish Grand Prix,2005-05-08,NA,NA,NA,NA,NA
76,2005,6,6,Monaco Grand Prix,2005-05-22,NA,NA,NA,NA,NA
77,2005,7,20,European Grand Prix,2005-05-29,NA,NA,NA,NA,NA
78,2005,8,7,Canadian Grand Prix,2005-06-12,NA,NA,NA,NA,NA
79,2005,9,19,United States Grand Prix,2005-06-19,NA,NA,NA,NA,NA
80,2005,10,8,French Grand Prix,2005-07-03,NA,NA,NA,NA,NA
81,2005,11,9,British Grand Prix,2005-07-10,NA,NA,NA,NA,NA
82,2005,12,10,German Grand Prix,2005-07-24,NA,NA,NA,NA,NA
83,2005,13,11,Hungarian Grand Prix,2005-07-31,NA,NA,NA,NA,NA
84,2005,14,5,Turkish Grand Prix,2005-08-21,NA,NA,NA,NA,NA
85,2005,15,14,Italian Grand Prix,2005-09-04,NA,NA,NA,NA,NA
86,2005,16,13,Belgian Grand Prix,2005-09-11,NA,NA,NA,NA,NA
87,2005,17,18,Brazilian Grand Prix,2005-09-25,NA,NA,NA,NA,NA
88,2005,18,22,Japanese Grand Prix,2005-10-09,NA,NA,NA,NA,NA
89,2005,19,17,Chinese Grand Prix,2005-10-16,NA,NA,NA,NA,NA
90,2004,1,1,Australian Grand Prix,2004-03-07,NA,NA,NA,NA,NA
91,2004,2,2,Malaysian Grand Prix,2004-03-21,NA,NA,NA,NA,NA
92,2004,3,3,Bahrain Grand Prix,2004-04-04,NA,NA,NA,NA,NA
93,2004,4,21,San Marino Grand Prix,2004-04-25,NA,NA,NA,NA,NA
94,2004,5,4,Spanish Grand Prix,2004-05-09,NA,NA,NA,NA,NA
95,2004,6,6,Monaco Grand Prix,2004-05-23,NA,NA,NA,NA,NA
96,2004,7,20,European Grand Prix,2004-05-30,NA,NA,NA,NA,NA
97,2004,8,7,Canadian Grand Prix,2004-06-13,NA,NA,NA,NA,NA
98,2004,9,19,United States Grand Prix,2004-06-20,NA,NA,NA,NA,NA
99,2004,10,8,French Grand Prix,2004-07-04,NA,NA,NA,NA,NA
100,2004,11,9,British Grand Prix,2004-07-11,NA,NA,NA,NA,NA
101,2004,12,10,German Grand Prix,2004-07-25,NA,NA,NA,NA,NA
102,2004,13,11,Hungarian Grand Prix,2004-08-15,NA,NA,NA,NA,NA
103,2004,14,13,Belgian Grand Prix,2004-08-29,NA,NA,NA,NA,NA
104,2004,15,14,Italian Grand Prix,2004-09-12,NA,NA,NA,NA,NA
105,2004,16,17,Chinese Grand Prix,2004-09-26,NA,NA,NA,NA,NA
106,2004,17,22,Japanese Grand Prix,2004-10-10,NA,NA,NA,NA,NA
107,2004,18,18,Brazilian Grand Prix,2004-10-24,NA,NA,NA,NA,NA
108,2003,1,1,Australian Grand Prix,2003-03-09,NA,NA,NA,NA,NA
109,2003,2,2,Malaysian Grand Prix,2003-03-23,NA,NA,NA,NA,NA
110,2003,3,18,Brazilian Grand Prix,2003-04-06,NA,NA,NA,NA,NA
111,2003,4,21,San Marino Grand Prix,2003-04-20,NA,NA,NA,NA,NA
112,2003,5,4,Spanish Grand Prix,2003-05-04,NA,NA,NA,NA,NA
113,2003,6,70,Austrian Grand Prix,2003-05-18,NA,NA,NA,NA,NA
114,2003,7,6,Monaco Grand Prix,2003-06-01,NA,NA,NA,NA,NA
115,2003,8,7,Canadian Grand Prix,2003-06-15,NA,NA,NA,NA,NA
116,2003,9,20,European Grand Prix,2003-06-29,NA,NA,NA,NA,NA
117,2003,10,8,French Grand Prix,2003-07-06,NA,NA,NA,NA,NA
118,2003,11,9,British Grand Prix,2003-07-20,NA,NA,NA,NA,NA
119,2003,12,10,German Grand Prix,2003-08-03,NA,NA,NA,NA,NA
120,2003,13,11,Hungarian Grand Prix,2003-08-24,NA,NA,NA,NA,NA
121,2003,14,14,Italian Grand Prix,2003-09-14,NA,NA,NA,NA,NA
122,2003,15,19,United States Grand Prix,2003-09-28,NA,NA,NA,NA,NA
123,2003,16,22,Japanese Grand Prix,2003-10-12,NA,NA,NA,NA,NA
124,2002,1,1,Australian Grand Prix,2002-03-03,NA,NA,NA,NA,NA
125,2002,2,2,Malaysian Grand Prix,2002-03-17,NA,NA,NA,NA,NA
126,2002,3,18,Brazilian Grand Prix,2002-03-31,NA,NA,NA,NA,NA
127,2002,4,21,San Marino Grand Prix,2002-04-14,NA,NA,NA,NA,NA
128,2002,5,4,Spanish Grand Prix,2002-04-28,NA,NA,NA,NA,NA
129,2002,6,70,Austrian Grand Prix,2002-05-12,NA,NA,NA,NA,NA
130,2002,7,6,Monaco Grand Prix,2002-05-26,NA,NA,NA,NA,NA
131,2002,8,7,Canadian Grand Prix,2002-06-09,NA,NA,NA,NA,NA
132,2002,9,20,European Grand Prix,2002-06-23,NA,NA,NA,NA,NA
133,2002,10,9,British Grand Prix,2002-07-07,NA,NA,NA,NA,NA
134,2002,11,8,French Grand Prix,2002-07-21,NA,NA,NA,NA,NA
135,2002,12,10,German Grand Prix,2002-07-28,NA,NA,NA,NA,NA
136,2002,13,11,Hungarian Grand Prix,2002-08-18,NA,NA,NA,NA,NA
137,2002,14,13,Belgian Grand Prix,2002-09-01,NA,NA,NA,NA,NA
138,2002,15,14,Italian Grand Prix,2002-09-15,NA,NA,NA,NA,NA
139,2002,16,19,United States Grand Prix,2002-09-29,NA,NA,NA,NA,NA
140,2002,17,22,Japanese Grand Prix,2002-10-13,NA,NA,NA,NA,NA
141,2001,1,1,Australian Grand Prix,2001-03-04,NA,NA,NA,NA,NA
142,2001,2,2,Malaysian Grand Prix,2001-03-18,NA,NA,NA,NA,NA
143,2001,3,18,Brazilian Grand Prix,2001-04-01,NA,NA,NA,NA,NA
144,2001,4,21,San Marino Grand Prix,2001-04-15,NA,NA,NA,NA,NA
145,2001,5,4,Spanish Grand Prix,2001-04-29,NA,NA,NA,NA,NA
146,2001,6,70,Austrian Grand Prix,2001-05-13,NA,NA,NA,NA,NA
147,2001,7,6,Monaco Grand Prix,2001-05-27,NA,NA,NA,NA,NA
148,2001,8,7,Canadian Grand Prix,2001-06-10,NA,NA,NA,NA,NA
149,2001,9,20,European Grand Prix,2001-06-24,NA,NA,NA,NA,NA
150,2001,10,8,French Grand Prix,2001-07-01,NA,NA,NA,NA,NA
151,2001,11,9,British Grand Prix,2001-07-15,NA,NA,NA,NA,NA
152,2001,12,10,German Grand Prix,2001-07-29,NA,NA,NA,NA,NA
153,2001,13,11,Hungarian Grand Prix,2001-08-19,NA,NA,NA,NA,NA
154,2001,14,13,Belgian Grand Prix,2001-09-02,NA,NA,NA,NA,NA
155,2001,15,14,Italian Grand Prix,2001-09-16,NA,NA,NA,NA,NA
156,2001,16,19,United States Grand Prix,2001-09-30,NA,NA,NA,NA,NA
157,2001,17,22,Japanese Grand Prix,2001-10-14,NA,NA,NA,NA,NA
158,2000,1,1,Australian Grand Prix,2000-03-12,NA,NA,NA,NA,NA
159,2000,2,18,Brazilian Grand Prix,2000-03-26,NA,NA,NA,NA,NA
160,2000,3,21,San Marino Grand Prix,2000-04-09,NA,NA,NA,NA,NA
161,2000,4,9,British Grand Prix,2000-04-23,NA,NA,NA,NA,NA
162,2000,5,4,Spanish Grand Prix,2000-05-07,NA,NA,NA,NA,NA
163,2000,6,20,European Grand Prix,2000-05-21,NA,NA,NA,NA,NA
164,2000,7,6,Monaco Grand Prix,2000-06-04,NA,NA,NA,NA,NA
165,2000,8,7,Canadian Grand Prix,2000-06-18,NA,NA,NA,NA,NA
166,2000,9,8,French Grand Prix,2000-07-02,NA,NA,NA,NA,NA
167,2000,10,70,Austrian Grand Prix,2000-07-16,NA,NA,NA,NA,NA
168,2000,11,10,German Grand Prix,2000-07-30,NA,NA,NA,NA,NA
169,2000,12,11,Hungarian Grand Prix,2000-08-13,NA,NA,NA,NA,NA
170,2000,13,13,Belgian Grand Prix,2000-08-27,NA,NA,NA,NA,NA
171,2000,14,14,Italian Grand Prix,2000-09-10,NA,NA,NA,NA,NA
172,2000,15,19,United States Grand Prix,2000-09-24,NA,NA,NA,NA,NA
173,2000,16,22,Japanese Grand Prix,2000-10-08,NA,NA,NA,NA,NA
174,2000,17,2,Malaysian Grand Prix,2000-10-22,NA,NA,NA,NA,NA
175,1999,1,1,Australian Grand Prix,1999-03-07,NA,NA,NA,NA,NA
176,1999,2,18,Brazilian Grand Prix,1999-04-11,NA,NA,NA,NA,NA
177,1999,3,21,San Marino Grand Prix,1999-05-02,NA,NA,NA,NA,NA
178,1999,4,6,Monaco Grand Prix,1999-05-16,NA,NA,NA,NA,NA
179,1999,5,4,Spanish Grand Prix,1999-05-30,NA,NA,NA,NA,NA
180,1999,6,7,Canadian Grand Prix,1999-06-13,NA,NA,NA,NA,NA
181,1999,7,8,French Grand Prix,1999-06-27,NA,NA,NA,NA,NA
182,1999,8,9,British Grand Prix,1999-07-11,NA,NA,NA,NA,NA
183,1999,9,70,Austrian Grand Prix,1999-07-25,NA,NA,NA,NA,NA
184,1999,10,10,German Grand Prix,1999-08-01,NA,NA,NA,NA,NA
185,1999,11,11,Hungarian Grand Prix,1999-08-15,NA,NA,NA,NA,NA
186,1999,12,13,Belgian Grand Prix,1999-08-29,NA,NA,NA,NA,NA
187,1999,13,14,Italian Grand Prix,1999-09-12,NA,NA,NA,NA,NA
188,1999,14,20,European Grand Prix,1999-09-26,NA,NA,NA,NA,NA
189,1999,15,2,Malaysian Grand Prix,1999-10-17,NA,NA,NA,NA,NA
190,1999,16,22,Japanese Grand Prix,1999-10-31,NA,NA,NA,NA,NA
191,1998,1,1,Australian Grand Prix,1998-03-08,NA,NA,NA,NA,NA
192,1998,2,18,Brazilian Grand Prix,1998-03-29,NA,NA,NA,NA,NA
193,1998,3,25,Argentine Grand Prix,1998-04-12,NA,NA,NA,NA,NA
194,1998,4,21,San Marino Grand Prix,1998-04-26,NA,NA,NA,NA,NA
195,1998,5,4,Spanish Grand Prix,1998-05-10,NA,NA,NA,NA,NA
196,1998,6,6,Monaco Grand Prix,1998-05-24,NA,NA,NA,NA,NA
197,1998,7,7,Canadian Grand Prix,1998-06-07,NA,NA,NA,NA,NA
198,1998,8,8,French Grand Prix,1998-06-28,NA,NA,NA,NA,NA
199,1998,9,9,British Grand Prix,1998-07-12,NA,NA,NA,NA,NA
200,1998,10,70,Austrian Grand Prix,1998-07-26,NA,NA,NA,NA,NA
201,1998,11,10,German Grand Prix,1998-08-02,NA,NA,NA,NA,NA
202,1998,12,11,Hungarian Grand Prix,1998-08-16,NA,NA,NA,NA,NA
203,1998,13,13,Belgian Grand Prix,1998-08-30,NA,NA,NA,NA,NA
204,1998,14,14,Italian Grand Prix,1998-09-13,NA,NA,NA,NA,NA
205,1998,15,20,Luxembourg Grand Prix,1998-09-27,NA,NA,NA,NA,NA
206,1998,16,22,Japanese Grand Prix,1998-11-01,NA,NA,NA,NA,NA
207,1997,1,1,Australian Grand Prix,1997-03-09,NA,NA,NA,NA,NA
208,1997,2,18,Brazilian Grand Prix,1997-03-30,NA,NA,NA,NA,NA
209,1997,3,25,Argentine Grand Prix,1997-04-13,NA,NA,NA,NA,NA
210,1997,4,21,San Marino Grand Prix,1997-04-27,NA,NA,NA,NA,NA
211,1997,5,6,Monaco Grand Prix,1997-05-11,NA,NA,NA,NA,NA
212,1997,6,4,Spanish Grand Prix,1997-05-25,NA,NA,NA,NA,NA
213,1997,7,7,Canadian Grand Prix,1997-06-15,NA,NA,NA,NA,NA
214,1997,8,8,French Grand Prix,1997-06-29,NA,NA,NA,NA,NA
215,1997,9,9,British Grand Prix,1997-07-13,NA,NA,NA,NA,NA
216,1997,10,10,German Grand Prix,1997-07-27,NA,NA,NA,NA,NA
217,1997,11,11,Hungarian Grand Prix,1997-08-10,NA,NA,NA,NA,NA
218,1997,12,13,Belgian Grand Prix,1997-08-24,NA,NA,NA,NA,NA
219,1997,13,14,Italian Grand Prix,1997-09-07,NA,NA,NA,NA,NA
220,1997,14,70,Austrian Grand Prix,1997-09-21,NA,NA,NA,NA,NA
221,1997,15,20,Luxembourg Grand Prix,1997-09-28,NA,NA,NA,NA,NA
222,1997,16,22,Japanese Grand Prix,1997-10-12,NA,NA,NA,NA,NA
223,1997,17,26,European Grand Prix,1997-10-26,NA,NA,NA,NA,NA
224,1996,1,1,Australian Grand Prix,1996-03-10,NA,NA,NA,NA,NA
225,1996,2,18,Brazilian Grand Prix,1996-03-31,NA,NA,NA,NA,NA
226,1996,3,25,Argentine Grand Prix,1996-04-07,NA,NA,NA,NA,NA
227,1996,4,20,European Grand Prix,1996-04-28,NA,NA,NA,NA,NA
228,1996,5,21,San Marino Grand Prix,1996-05-05,NA,NA,NA,NA,NA
229,1996,6,6,Monaco Grand Prix,1996-05-19,NA,NA,NA,NA,NA
230,1996,7,4,Spanish Grand Prix,1996-06-02,NA,NA,NA,NA,NA
231,1996,8,7,Canadian Grand Prix,1996-06-16,NA,NA,NA,NA,NA
232,1996,9,8,French Grand Prix,1996-06-30,NA,NA,NA,NA,NA
233,1996,10,9,British Grand Prix,1996-07-14,NA,NA,NA,NA,NA
234,1996,11,10,German Grand Prix,1996-07-28,NA,NA,NA,NA,NA
235,1996,12,11,Hungarian Grand Prix,1996-08-11,NA,NA,NA,NA,NA
236,1996,13,13,Belgian Grand Prix,1996-08-25,NA,NA,NA,NA,NA
237,1996,14,14,Italian Grand Prix,1996-09-08,NA,NA,NA,NA,NA
238,1996,15,27,Portuguese Grand Prix,1996-09-22,NA,NA,NA,NA,NA
239,1996,16,22,Japanese Grand Prix,1996-10-13,NA,NA,NA,NA,NA
240,1995,1,18,Brazilian Grand Prix,1995-03-26,NA,NA,NA,NA,NA
241,1995,2,25,Argentine Grand Prix,1995-04-09,NA,NA,NA,NA,NA
242,1995,3,21,San Marino Grand Prix,1995-04-30,NA,NA,NA,NA,NA
243,1995,4,4,Spanish Grand Prix,1995-05-14,NA,NA,NA,NA,NA
244,1995,5,6,Monaco Grand Prix,1995-05-28,NA,NA,NA,NA,NA
245,1995,6,7,Canadian Grand Prix,1995-06-11,NA,NA,NA,NA,NA
246,1995,7,8,French Grand Prix,1995-07-02,NA,NA,NA,NA,NA
247,1995,8,9,British Grand Prix,1995-07-16,NA,NA,NA,NA,NA
248,1995,9,10,German Grand Prix,1995-07-30,NA,NA,NA,NA,NA
249,1995,10,11,Hungarian Grand Prix,1995-08-13,NA,NA,NA,NA,NA
250,1995,11,13,Belgian Grand Prix,1995-08-27,NA,NA,NA,NA,NA
251,1995,12,14,Italian Grand Prix,1995-09-10,NA,NA,NA,NA,NA
252,1995,13,27,Portuguese Grand Prix,1995-09-24,NA,NA,NA,NA,NA
253,1995,14,20,European Grand Prix,1995-10-01,NA,NA,NA,NA,NA
254,1995,15,28,Pacific Grand Prix,1995-10-22,NA,NA,NA,NA,NA
255,1995,16,22,Japanese Grand Prix,1995-10-29,NA,NA,NA,NA,NA
256,1995,17,29,Australian Grand Prix,1995-11-12,NA,NA,NA,NA,NA
257,1994,1,18,Brazilian Grand Prix,1994-03-27,NA,NA,NA,NA,NA
258,1994,2,28,Pacific Grand Prix,1994-04-17,NA,NA,NA,NA,NA
259,1994,3,21,San Marino Grand Prix,1994-05-01,NA,NA,NA,NA,NA
260,1994,4,6,Monaco Grand Prix,1994-05-15,NA,NA,NA,NA,NA
261,1994,5,4,Spanish Grand Prix,1994-05-29,NA,NA,NA,NA,NA
262,1994,6,7,Canadian Grand Prix,1994-06-12,NA,NA,NA,NA,NA
263,1994,7,8,French Grand Prix,1994-07-03,NA,NA,NA,NA,NA
264,1994,8,9,British Grand Prix,1994-07-10,NA,NA,NA,NA,NA
265,1994,9,10,German Grand Prix,1994-07-31,NA,NA,NA,NA,NA
266,1994,10,11,Hungarian Grand Prix,1994-08-14,NA,NA,NA,NA,NA
267,1994,11,13,Belgian Grand Prix,1994-08-28,NA,NA,NA,NA,NA
268,1994,12,14,Italian Grand Prix,1994-09-11,NA,NA,NA,NA,NA
269,1994,13,27,Portuguese Grand Prix,1994-09-25,NA,NA,NA,NA,NA
270,1994,14,26,European Grand Prix,1994-10-16,NA,NA,NA,NA,NA
271,1994,15,22,Japanese Grand Prix,1994-11-06,NA,NA,NA,NA,NA
272,1994,16,29,Australian Grand Prix,1994-11-13,NA,NA,NA,NA,NA
273,1993,1,30,South African Grand Prix,1993-03-14,NA,NA,NA,NA,NA
274,1993,2,18,Brazilian Grand Prix,1993-03-28,NA,NA,NA,NA,NA
275,1993,3,31,European Grand Prix,1993-04-11,NA,NA,NA,NA,NA
276,1993,4,21,San Marino Grand Prix,1993-04-25,NA,NA,NA,NA,NA
277,1993,5,4,Spanish Grand Prix,1993-05-09,NA,NA,NA,NA,NA
278,1993,6,6,Monaco Grand Prix,1993-05-23,NA,NA,NA,NA,NA
279,1993,7,7,Canadian Grand Prix,1993-06-13,NA,NA,NA,NA,NA
280,1993,8,8,French Grand Prix,1993-07-04,NA,NA,NA,NA,NA
281,1993,9,9,British Grand Prix,1993-07-11,NA,NA,NA,NA,NA
282,1993,10,10,German Grand Prix,1993-07-25,NA,NA,NA,NA,NA
283,1993,11,11,Hungarian Grand Prix,1993-08-15,NA,NA,NA,NA,NA
284,1993,12,13,Belgian Grand Prix,1993-08-29,NA,NA,NA,NA,NA
285,1993,13,14,Italian Grand Prix,1993-09-12,NA,NA,NA,NA,NA
286,1993,14,27,Portuguese Grand Prix,1993-09-26,NA,NA,NA,NA,NA
287,1993,15,22,Japanese Grand Prix,1993-10-24,NA,NA,NA,NA,NA
288,1993,16,29,Australian Grand Prix,1993-11-07,NA,NA,NA,NA,NA
289,1992,1,30,South African Grand Prix,1992-03-01,NA,NA,NA,NA,NA
290,1992,2,32,Mexican Grand Prix,1992-03-22,NA,NA,NA,NA,NA
291,1992,3,18,Brazilian Grand Prix,1992-04-05,NA,NA,NA,NA,NA
292,1992,4,4,Spanish Grand Prix,1992-05-03,NA,NA,NA,NA,NA
293,1992,5,21,San Marino Grand Prix,1992-05-17,NA,NA,NA,NA,NA
294,1992,6,6,Monaco Grand Prix,1992-05-31,NA,NA,NA,NA,NA
295,1992,7,7,Canadian Grand Prix,1992-06-14,NA,NA,NA,NA,NA
296,1992,8,8,French Grand Prix,1992-07-05,NA,NA,NA,NA,NA
297,1992,9,9,British Grand Prix,1992-07-12,NA,NA,NA,NA,NA
298,1992,10,10,German Grand Prix,1992-07-26,NA,NA,NA,NA,NA
299,1992,11,11,Hungarian Grand Prix,1992-08-16,NA,NA,NA,NA,NA
300,1992,12,13,Belgian Grand Prix,1992-08-30,NA,NA,NA,NA,NA
301,1992,13,14,Italian Grand Prix,1992-09-13,NA,NA,NA,NA,NA
302,1992,14,27,Portuguese Grand Prix,1992-09-27,NA,NA,NA,NA,NA
303,1992,15,22,Japanese Grand Prix,1992-10-25,NA,NA,NA,NA,NA
304,1992,16,29,Australian Grand Prix,1992-11-08,NA,NA,NA,NA,NA
305,1991,1,33,United States Grand Prix,1991-03-10,NA,NA,NA,NA,NA
306,1991,2,18,Brazilian Grand Prix,1991-03-24,NA,NA,NA,NA,NA
307,1991,3,21,San Marino Grand Prix,1991-04-28,NA,NA,NA,NA,NA
308,1991,4,6,Monaco Grand Prix,1991-05-12,NA,NA,NA,NA,NA
309,1991,5,7,Canadian Grand Prix,1991-06-02,NA,NA,NA,NA,NA
310,1991,6,32,Mexican Grand Prix,1991-06-16,NA,NA,NA,NA,NA
311,1991,7,8,French Grand Prix,1991-07-07,NA,NA,NA,NA,NA
312,1991,8,9,British Grand Prix,1991-07-14,NA,NA,NA,NA,NA
313,1991,9,10,German Grand Prix,1991-07-28,NA,NA,NA,NA,NA
314,1991,10,11,Hungarian Grand Prix,1991-08-11,NA,NA,NA,NA,NA
315,1991,11,13,Belgian Grand Prix,1991-08-25,NA,NA,NA,NA,NA
316,1991,12,14,Italian Grand Prix,1991-09-08,NA,NA,NA,NA,NA
317,1991,13,27,Portuguese Grand Prix,1991-09-22,NA,NA,NA,NA,NA
318,1991,14,4,Spanish Grand Prix,1991-09-29,NA,NA,NA,NA,NA
319,1991,15,22,Japanese Grand Prix,1991-10-20,NA,NA,NA,NA,NA
320,1991,16,29,Australian Grand Prix,1991-11-03,NA,NA,NA,NA,NA
321,1990,1,33,United States Grand Prix,1990-03-11,NA,NA,NA,NA,NA
322,1990,2,18,Brazilian Grand Prix,1990-03-25,NA,NA,NA,NA,NA
323,1990,3,21,San Marino Grand Prix,1990-05-13,NA,NA,NA,NA,NA
324,1990,4,6,Monaco Grand Prix,1990-05-27,NA,NA,NA,NA,NA
325,1990,5,7,Canadian Grand Prix,1990-06-10,NA,NA,NA,NA,NA
326,1990,6,32,Mexican Grand Prix,1990-06-24,NA,NA,NA,NA,NA
327,1990,7,34,French Grand Prix,1990-07-08,NA,NA,NA,NA,NA
328,1990,8,9,British Grand Prix,1990-07-15,NA,NA,NA,NA,NA
329,1990,9,10,German Grand Prix,1990-07-29,NA,NA,NA,NA,NA
330,1990,10,11,Hungarian Grand Prix,1990-08-12,NA,NA,NA,NA,NA
331,1990,11,13,Belgian Grand Prix,1990-08-26,NA,NA,NA,NA,NA
332,1990,12,14,Italian Grand Prix,1990-09-09,NA,NA,NA,NA,NA
333,1990,13,27,Portuguese Grand Prix,1990-09-23,NA,NA,NA,NA,NA
334,1990,14,26,Spanish Grand Prix,1990-09-30,NA,NA,NA,NA,NA
335,1990,15,22,Japanese Grand Prix,1990-10-21,NA,NA,NA,NA,NA
336,1990,16,29,Australian Grand Prix,1990-11-04,NA,NA,NA,NA,NA
337,2010,1,3,Bahrain Grand Prix,2010-03-14,NA,NA,NA,NA,NA
338,2010,2,1,Australian Grand Prix,2010-03-28,NA,NA,NA,NA,NA
339,2010,3,2,Malaysian Grand Prix,2010-04-04,NA,NA,NA,NA,NA
340,2010,4,17,Chinese Grand Prix,2010-04-18,NA,NA,NA,NA,NA
341,2010,5,4,Spanish Grand Prix,2010-05-09,NA,NA,NA,NA,NA
342,2010,6,6,Monaco Grand Prix,2010-05-16,NA,NA,NA,NA,NA
343,2010,7,5,Turkish Grand Prix,2010-05-30,NA,NA,NA,NA,NA
344,2010,8,7,Canadian Grand Prix,2010-06-13,NA,NA,NA,NA,NA
345,2010,9,12,European Grand Prix,2010-06-27,NA,NA,NA,NA,NA
346,2010,10,9,British Grand Prix,2010-07-11,NA,NA,NA,NA,NA
347,2010,11,10,German Grand Prix,2010-07-25,NA,NA,NA,NA,NA
348,2010,12,11,Hungarian Grand Prix,2010-08-01,NA,NA,NA,NA,NA
349,2010,13,13,Belgian Grand Prix,2010-08-29,NA,NA,NA,NA,NA
350,2010,14,14,Italian Grand Prix,2010-09-12,NA,NA,NA,NA,NA
351,2010,15,15,Singapore Grand Prix,2010-09-26,NA,NA,NA,NA,NA
352,2010,16,22,Japanese Grand Prix,2010-10-10,NA,NA,NA,NA,NA
353,2010,17,35,Korean Grand Prix,2010-10-24,NA,NA,NA,NA,NA
354,2010,18,18,Brazilian Grand Prix,2010-11-07,NA,NA,NA,NA,NA
355,2010,19,24,Abu Dhabi Grand Prix,2010-11-14,NA,NA,NA,NA,NA
356,1989,1,36,Brazilian Grand Prix,1989-03-26,NA,NA,NA,NA,NA
357,1989,2,21,San Marino Grand Prix,1989-04-23,NA,NA,NA,NA,NA
358,1989,3,6,Monaco Grand Prix,1989-05-07,NA,NA,NA,NA,NA
359,1989,4,32,Mexican Grand Prix,1989-05-28,NA,NA,NA,NA,NA
360,1989,5,33,United States Grand Prix,1989-06-04,NA,NA,NA,NA,NA
361,1989,6,7,Canadian Grand Prix,1989-06-18,NA,NA,NA,NA,NA
362,1989,7,34,French Grand Prix,1989-07-09,NA,NA,NA,NA,NA
363,1989,8,9,British Grand Prix,1989-07-16,NA,NA,NA,NA,NA
364,1989,9,10,German Grand Prix,1989-07-30,NA,NA,NA,NA,NA
365,1989,10,11,Hungarian Grand Prix,1989-08-13,NA,NA,NA,NA,NA
366,1989,11,13,Belgian Grand Prix,1989-08-27,NA,NA,NA,NA,NA
367,1989,12,14,Italian Grand Prix,1989-09-10,NA,NA,NA,NA,NA
368,1989,13,27,Portuguese Grand Prix,1989-09-24,NA,NA,NA,NA,NA
369,1989,14,26,Spanish Grand Prix,1989-10-01,NA,NA,NA,NA,NA
370,1989,15,22,Japanese Grand Prix,1989-10-22,NA,NA,NA,NA,NA
371,1989,16,29,Australian Grand Prix,1989-11-05,NA,NA,NA,NA,NA
372,1988,1,36,Brazilian Grand Prix,1988-04-03,NA,NA,NA,NA,NA
373,1988,2,21,San Marino Grand Prix,1988-05-01,NA,NA,NA,NA,NA
374,1988,3,6,Monaco Grand Prix,1988-05-15,NA,NA,NA,NA,NA
375,1988,4,32,Mexican Grand Prix,1988-05-29,NA,NA,NA,NA,NA
376,1988,5,7,Canadian Grand Prix,1988-06-12,NA,NA,NA,NA,NA
377,1988,6,37,Detroit Grand Prix,1988-06-19,NA,NA,NA,NA,NA
378,1988,7,34,French Grand Prix,1988-07-03,NA,NA,NA,NA,NA
379,1988,8,9,British Grand Prix,1988-07-10,NA,NA,NA,NA,NA
380,1988,9,10,German Grand Prix,1988-07-24,NA,NA,NA,NA,NA
381,1988,10,11,Hungarian Grand Prix,1988-08-07,NA,NA,NA,NA,NA
382,1988,11,13,Belgian Grand Prix,1988-08-28,NA,NA,NA,NA,NA
383,1988,12,14,Italian Grand Prix,1988-09-11,NA,NA,NA,NA,NA
384,1988,13,27,Portuguese Grand Prix,1988-09-25,NA,NA,NA,NA,NA
385,1988,14,26,Spanish Grand Prix,1988-10-02,NA,NA,NA,NA,NA
386,1988,15,22,Japanese Grand Prix,1988-10-30,NA,NA,NA,NA,NA
387,1988,16,29,Australian Grand Prix,1988-11-13,NA,NA,NA,NA,NA
388,1987,1,36,Brazilian Grand Prix,1987-04-12,NA,NA,NA,NA,NA
389,1987,2,21,San Marino Grand Prix,1987-05-03,NA,NA,NA,NA,NA
390,1987,3,13,Belgian Grand Prix,1987-05-17,NA,NA,NA,NA,NA
391,1987,4,6,Monaco Grand Prix,1987-05-31,NA,NA,NA,NA,NA
392,1987,5,37,Detroit Grand Prix,1987-06-21,NA,NA,NA,NA,NA
393,1987,6,34,French Grand Prix,1987-07-05,NA,NA,NA,NA,NA
394,1987,7,9,British Grand Prix,1987-07-12,NA,NA,NA,NA,NA
395,1987,8,10,German Grand Prix,1987-07-26,NA,NA,NA,NA,NA
396,1987,9,11,Hungarian Grand Prix,1987-08-09,NA,NA,NA,NA,NA
397,1987,10,70,Austrian Grand Prix,1987-08-16,NA,NA,NA,NA,NA
398,1987,11,14,Italian Grand Prix,1987-09-06,NA,NA,NA,NA,NA
399,1987,12,27,Portuguese Grand Prix,1987-09-20,NA,NA,NA,NA,NA
400,1987,13,26,Spanish Grand Prix,1987-09-27,NA,NA,NA,NA,NA
401,1987,14,32,Mexican Grand Prix,1987-10-18,NA,NA,NA,NA,NA
402,1987,15,22,Japanese Grand Prix,1987-11-01,NA,NA,NA,NA,NA
403,1987,16,29,Australian Grand Prix,1987-11-15,NA,NA,NA,NA,NA
404,1986,1,36,Brazilian Grand Prix,1986-03-23,NA,NA,NA,NA,NA
405,1986,2,26,Spanish Grand Prix,1986-04-13,NA,NA,NA,NA,NA
406,1986,3,21,San Marino Grand Prix,1986-04-27,NA,NA,NA,NA,NA
407,1986,4,6,Monaco Grand Prix,1986-05-11,NA,NA,NA,NA,NA
408,1986,5,13,Belgian Grand Prix,1986-05-25,NA,NA,NA,NA,NA
409,1986,6,7,Canadian Grand Prix,1986-06-15,NA,NA,NA,NA,NA
410,1986,7,37,Detroit Grand Prix,1986-06-22,NA,NA,NA,NA,NA
411,1986,8,34,French Grand Prix,1986-07-06,NA,NA,NA,NA,NA
412,1986,9,38,British Grand Prix,1986-07-13,NA,NA,NA,NA,NA
413,1986,10,10,German Grand Prix,1986-07-27,NA,NA,NA,NA,NA
414,1986,11,11,Hungarian Grand Prix,1986-08-10,NA,NA,NA,NA,NA
415,1986,12,70,Austrian Grand Prix,1986-08-17,NA,NA,NA,NA,NA
416,1986,13,14,Italian Grand Prix,1986-09-07,NA,NA,NA,NA,NA
417,1986,14,27,Portuguese Grand Prix,1986-09-21,NA,NA,NA,NA,NA
418,1986,15,32,Mexican Grand Prix,1986-10-12,NA,NA,NA,NA,NA
419,1986,16,29,Australian Grand Prix,1986-10-26,NA,NA,NA,NA,NA
420,1985,1,36,Brazilian Grand Prix,1985-04-07,NA,NA,NA,NA,NA
421,1985,2,27,Portuguese Grand Prix,1985-04-21,NA,NA,NA,NA,NA
422,1985,3,21,San Marino Grand Prix,1985-05-05,NA,NA,NA,NA,NA
423,1985,4,6,Monaco Grand Prix,1985-05-19,NA,NA,NA,NA,NA
424,1985,5,7,Canadian Grand Prix,1985-06-16,NA,NA,NA,NA,NA
425,1985,6,37,Detroit Grand Prix,1985-06-23,NA,NA,NA,NA,NA
426,1985,7,34,French Grand Prix,1985-07-07,NA,NA,NA,NA,NA
427,1985,8,9,British Grand Prix,1985-07-21,NA,NA,NA,NA,NA
428,1985,9,20,German Grand Prix,1985-08-04,NA,NA,NA,NA,NA
429,1985,10,70,Austrian Grand Prix,1985-08-18,NA,NA,NA,NA,NA
430,1985,11,39,Dutch Grand Prix,1985-08-25,NA,NA,NA,NA,NA
431,1985,12,14,Italian Grand Prix,1985-09-08,NA,NA,NA,NA,NA
432,1985,13,13,Belgian Grand Prix,1985-09-15,NA,NA,NA,NA,NA
433,1985,14,38,European Grand Prix,1985-10-06,NA,NA,NA,NA,NA
434,1985,15,30,South African Grand Prix,1985-10-19,NA,NA,NA,NA,NA
435,1985,16,29,Australian Grand Prix,1985-11-03,NA,NA,NA,NA,NA
436,1984,1,36,Brazilian Grand Prix,1984-03-25,NA,NA,NA,NA,NA
437,1984,2,30,South African Grand Prix,1984-04-07,NA,NA,NA,NA,NA
438,1984,3,40,Belgian Grand Prix,1984-04-29,NA,NA,NA,NA,NA
439,1984,4,21,San Marino Grand Prix,1984-05-06,NA,NA,NA,NA,NA
440,1984,5,41,French Grand Prix,1984-05-20,NA,NA,NA,NA,NA
441,1984,6,6,Monaco Grand Prix,1984-06-03,NA,NA,NA,NA,NA
442,1984,7,7,Canadian Grand Prix,1984-06-17,NA,NA,NA,NA,NA
443,1984,8,37,Detroit Grand Prix,1984-06-24,NA,NA,NA,NA,NA
444,1984,9,42,Dallas Grand Prix,1984-07-08,NA,NA,NA,NA,NA
445,1984,10,38,British Grand Prix,1984-07-22,NA,NA,NA,NA,NA
446,1984,11,10,German Grand Prix,1984-08-05,NA,NA,NA,NA,NA
447,1984,12,70,Austrian Grand Prix,1984-08-19,NA,NA,NA,NA,NA
448,1984,13,39,Dutch Grand Prix,1984-08-26,NA,NA,NA,NA,NA
449,1984,14,14,Italian Grand Prix,1984-09-09,NA,NA,NA,NA,NA
450,1984,15,20,European Grand Prix,1984-10-07,NA,NA,NA,NA,NA
451,1984,16,27,Portuguese Grand Prix,1984-10-21,NA,NA,NA,NA,NA
452,1983,1,36,Brazilian Grand Prix,1983-03-13,NA,NA,NA,NA,NA
453,1983,2,43,United States Grand Prix West,1983-03-27,NA,NA,NA,NA,NA
454,1983,3,34,French Grand Prix,1983-04-17,NA,NA,NA,NA,NA
455,1983,4,21,San Marino Grand Prix,1983-05-01,NA,NA,NA,NA,NA
456,1983,5,6,Monaco Grand Prix,1983-05-15,NA,NA,NA,NA,NA
457,1983,6,13,Belgian Grand Prix,1983-05-22,NA,NA,NA,NA,NA
458,1983,7,37,Detroit Grand Prix,1983-06-05,NA,NA,NA,NA,NA
459,1983,8,7,Canadian Grand Prix,1983-06-12,NA,NA,NA,NA,NA
460,1983,9,9,British Grand Prix,1983-07-16,NA,NA,NA,NA,NA
461,1983,10,10,German Grand Prix,1983-08-07,NA,NA,NA,NA,NA
462,1983,11,70,Austrian Grand Prix,1983-08-14,NA,NA,NA,NA,NA
463,1983,12,39,Dutch Grand Prix,1983-08-28,NA,NA,NA,NA,NA
464,1983,13,14,Italian Grand Prix,1983-09-11,NA,NA,NA,NA,NA
465,1983,14,38,European Grand Prix,1983-09-25,NA,NA,NA,NA,NA
466,1983,15,30,South African Grand Prix,1983-10-15,NA,NA,NA,NA,NA
467,1982,1,30,South African Grand Prix,1982-01-23,NA,NA,NA,NA,NA
468,1982,2,36,Brazilian Grand Prix,1982-03-21,NA,NA,NA,NA,NA
469,1982,3,43,United States Grand Prix West,1982-04-04,NA,NA,NA,NA,NA
470,1982,4,21,San Marino Grand Prix,1982-04-25,NA,NA,NA,NA,NA
471,1982,5,40,Belgian Grand Prix,1982-05-09,NA,NA,NA,NA,NA
472,1982,6,6,Monaco Grand Prix,1982-05-23,NA,NA,NA,NA,NA
473,1982,7,37,Detroit Grand Prix,1982-06-06,NA,NA,NA,NA,NA
474,1982,8,7,Canadian Grand Prix,1982-06-13,NA,NA,NA,NA,NA
475,1982,9,39,Dutch Grand Prix,1982-07-03,NA,NA,NA,NA,NA
476,1982,10,38,British Grand Prix,1982-07-18,NA,NA,NA,NA,NA
477,1982,11,34,French Grand Prix,1982-07-25,NA,NA,NA,NA,NA
478,1982,12,10,German Grand Prix,1982-08-08,NA,NA,NA,NA,NA
479,1982,13,70,Austrian Grand Prix,1982-08-15,NA,NA,NA,NA,NA
480,1982,14,41,Swiss Grand Prix,1982-08-29,NA,NA,NA,NA,NA
481,1982,15,14,Italian Grand Prix,1982-09-12,NA,NA,NA,NA,NA
482,1982,16,44,Caesars Palace Grand Prix,1982-09-25,NA,NA,NA,NA,NA
483,1981,1,43,United States Grand Prix West,1981-03-15,NA,NA,NA,NA,NA
484,1981,2,36,Brazilian Grand Prix,1981-03-29,NA,NA,NA,NA,NA
485,1981,3,25,Argentine Grand Prix,1981-04-12,NA,NA,NA,NA,NA
486,1981,4,21,San Marino Grand Prix,1981-05-03,NA,NA,NA,NA,NA
487,1981,5,40,Belgian Grand Prix,1981-05-17,NA,NA,NA,NA,NA
488,1981,6,6,Monaco Grand Prix,1981-05-31,NA,NA,NA,NA,NA
489,1981,7,45,Spanish Grand Prix,1981-06-21,NA,NA,NA,NA,NA
490,1981,8,41,French Grand Prix,1981-07-05,NA,NA,NA,NA,NA
491,1981,9,9,British Grand Prix,1981-07-18,NA,NA,NA,NA,NA
492,1981,10,10,German Grand Prix,1981-08-02,NA,NA,NA,NA,NA
493,1981,11,70,Austrian Grand Prix,1981-08-16,NA,NA,NA,NA,NA
494,1981,12,39,Dutch Grand Prix,1981-08-30,NA,NA,NA,NA,NA
495,1981,13,14,Italian Grand Prix,1981-09-13,NA,NA,NA,NA,NA
496,1981,14,7,Canadian Grand Prix,1981-09-27,NA,NA,NA,NA,NA
497,1981,15,44,Caesars Palace Grand Prix,1981-10-17,NA,NA,NA,NA,NA
498,1980,1,25,Argentine Grand Prix,1980-01-13,NA,NA,NA,NA,NA
499,1980,2,18,Brazilian Grand Prix,1980-01-27,NA,NA,NA,NA,NA
500,1980,3,30,South African Grand Prix,1980-03-01,NA,NA,NA,NA,NA
501,1980,4,43,United States Grand Prix West,1980-03-30,NA,NA,NA,NA,NA
502,1980,5,40,Belgian Grand Prix,1980-05-04,NA,NA,NA,NA,NA
503,1980,6,6,Monaco Grand Prix,1980-05-18,NA,NA,NA,NA,NA
504,1980,7,34,French Grand Prix,1980-06-29,NA,NA,NA,NA,NA
505,1980,8,38,British Grand Prix,1980-07-13,NA,NA,NA,NA,NA
506,1980,9,10,German Grand Prix,1980-08-10,NA,NA,NA,NA,NA
507,1980,10,70,Austrian Grand Prix,1980-08-17,NA,NA,NA,NA,NA
508,1980,11,39,Dutch Grand Prix,1980-08-31,NA,NA,NA,NA,NA
509,1980,12,21,Italian Grand Prix,1980-09-14,NA,NA,NA,NA,NA
510,1980,13,7,Canadian Grand Prix,1980-09-28,NA,NA,NA,NA,NA
511,1980,14,46,United States Grand Prix,1980-10-05,NA,NA,NA,NA,NA
512,1979,1,25,Argentine Grand Prix,1979-01-21,NA,NA,NA,NA,NA
513,1979,2,18,Brazilian Grand Prix,1979-02-04,NA,NA,NA,NA,NA
514,1979,3,30,South African Grand Prix,1979-03-03,NA,NA,NA,NA,NA
515,1979,4,43,United States Grand Prix West,1979-04-08,NA,NA,NA,NA,NA
516,1979,5,45,Spanish Grand Prix,1979-04-29,NA,NA,NA,NA,NA
517,1979,6,40,Belgian Grand Prix,1979-05-13,NA,NA,NA,NA,NA
518,1979,7,6,Monaco Grand Prix,1979-05-27,NA,NA,NA,NA,NA
519,1979,8,41,French Grand Prix,1979-07-01,NA,NA,NA,NA,NA
520,1979,9,9,British Grand Prix,1979-07-14,NA,NA,NA,NA,NA
521,1979,10,10,German Grand Prix,1979-07-29,NA,NA,NA,NA,NA
522,1979,11,70,Austrian Grand Prix,1979-08-12,NA,NA,NA,NA,NA
523,1979,12,39,Dutch Grand Prix,1979-08-26,NA,NA,NA,NA,NA
524,1979,13,14,Italian Grand Prix,1979-09-09,NA,NA,NA,NA,NA
525,1979,14,7,Canadian Grand Prix,1979-09-30,NA,NA,NA,NA,NA
526,1979,15,46,United States Grand Prix,1979-10-07,NA,NA,NA,NA,NA
527,1978,1,25,Argentine Grand Prix,1978-01-15,NA,NA,NA,NA,NA
528,1978,2,36,Brazilian Grand Prix,1978-01-29,NA,NA,NA,NA,NA
529,1978,3,30,South African Grand Prix,1978-03-04,NA,NA,NA,NA,NA
530,1978,4,43,United States Grand Prix West,1978-04-02,NA,NA,NA,NA,NA
531,1978,5,6,Monaco Grand Prix,1978-05-07,NA,NA,NA,NA,NA
532,1978,6,40,Belgian Grand Prix,1978-05-21,NA,NA,NA,NA,NA
533,1978,7,45,Spanish Grand Prix,1978-06-04,NA,NA,NA,NA,NA
534,1978,8,47,Swedish Grand Prix,1978-06-17,NA,NA,NA,NA,NA
535,1978,9,34,French Grand Prix,1978-07-02,NA,NA,NA,NA,NA
536,1978,10,38,British Grand Prix,1978-07-16,NA,NA,NA,NA,NA
537,1978,11,10,German Grand Prix,1978-07-30,NA,NA,NA,NA,NA
538,1978,12,70,Austrian Grand Prix,1978-08-13,NA,NA,NA,NA,NA
539,1978,13,39,Dutch Grand Prix,1978-08-27,NA,NA,NA,NA,NA
540,1978,14,14,Italian Grand Prix,1978-09-10,NA,NA,NA,NA,NA
541,1978,15,46,United States Grand Prix,1978-10-01,NA,NA,NA,NA,NA
542,1978,16,7,Canadian Grand Prix,1978-10-08,NA,NA,NA,NA,NA
543,1977,1,25,Argentine Grand Prix,1977-01-09,NA,NA,NA,NA,NA
544,1977,2,18,Brazilian Grand Prix,1977-01-23,NA,NA,NA,NA,NA
545,1977,3,30,South African Grand Prix,1977-03-05,NA,NA,NA,NA,NA
546,1977,4,43,United States Grand Prix West,1977-04-03,NA,NA,NA,NA,NA
547,1977,5,45,Spanish Grand Prix,1977-05-08,NA,NA,NA,NA,NA
548,1977,6,6,Monaco Grand Prix,1977-05-22,NA,NA,NA,NA,NA
549,1977,7,40,Belgian Grand Prix,1977-06-05,NA,NA,NA,NA,NA
550,1977,8,47,Swedish Grand Prix,1977-06-19,NA,NA,NA,NA,NA
551,1977,9,41,French Grand Prix,1977-07-03,NA,NA,NA,NA,NA
552,1977,10,9,British Grand Prix,1977-07-16,NA,NA,NA,NA,NA
553,1977,11,10,German Grand Prix,1977-07-31,NA,NA,NA,NA,NA
554,1977,12,70,Austrian Grand Prix,1977-08-14,NA,NA,NA,NA,NA
555,1977,13,39,Dutch Grand Prix,1977-08-28,NA,NA,NA,NA,NA
556,1977,14,14,Italian Grand Prix,1977-09-11,NA,NA,NA,NA,NA
557,1977,15,46,United States Grand Prix,1977-10-02,NA,NA,NA,NA,NA
558,1977,16,48,Canadian Grand Prix,1977-10-09,NA,NA,NA,NA,NA
559,1977,17,16,Japanese Grand Prix,1977-10-23,NA,NA,NA,NA,NA
560,1976,1,18,Brazilian Grand Prix,1976-01-25,NA,NA,NA,NA,NA
561,1976,2,30,South African Grand Prix,1976-03-06,NA,NA,NA,NA,NA
562,1976,3,43,United States Grand Prix West,1976-03-28,NA,NA,NA,NA,NA
563,1976,4,45,Spanish Grand Prix,1976-05-02,NA,NA,NA,NA,NA
564,1976,5,40,Belgian Grand Prix,1976-05-16,NA,NA,NA,NA,NA
565,1976,6,6,Monaco Grand Prix,1976-05-30,NA,NA,NA,NA,NA
566,1976,7,47,Swedish Grand Prix,1976-06-13,NA,NA,NA,NA,NA
567,1976,8,34,French Grand Prix,1976-07-04,NA,NA,NA,NA,NA
568,1976,9,38,British Grand Prix,1976-07-18,NA,NA,NA,NA,NA
569,1976,10,20,German Grand Prix,1976-08-01,NA,NA,NA,NA,NA
570,1976,11,70,Austrian Grand Prix,1976-08-15,NA,NA,NA,NA,NA
571,1976,12,39,Dutch Grand Prix,1976-08-29,NA,NA,NA,NA,NA
572,1976,13,14,Italian Grand Prix,1976-09-12,NA,NA,NA,NA,NA
573,1976,14,48,Canadian Grand Prix,1976-10-03,NA,NA,NA,NA,NA
574,1976,15,46,United States Grand Prix,1976-10-10,NA,NA,NA,NA,NA
575,1976,16,16,Japanese Grand Prix,1976-10-24,NA,NA,NA,NA,NA
576,1975,1,25,Argentine Grand Prix,1975-01-12,NA,NA,NA,NA,NA
577,1975,2,18,Brazilian Grand Prix,1975-01-26,NA,NA,NA,NA,NA
578,1975,3,30,South African Grand Prix,1975-03-01,NA,NA,NA,NA,NA
579,1975,4,49,Spanish Grand Prix,1975-04-27,NA,NA,NA,NA,NA
580,1975,5,6,Monaco Grand Prix,1975-05-11,NA,NA,NA,NA,NA
581,1975,6,40,Belgian Grand Prix,1975-05-25,NA,NA,NA,NA,NA
582,1975,7,47,Swedish Grand Prix,1975-06-08,NA,NA,NA,NA,NA
583,1975,8,39,Dutch Grand Prix,1975-06-22,NA,NA,NA,NA,NA
584,1975,9,34,French Grand Prix,1975-07-06,NA,NA,NA,NA,NA
585,1975,10,9,British Grand Prix,1975-07-19,NA,NA,NA,NA,NA
586,1975,11,20,German Grand Prix,1975-08-03,NA,NA,NA,NA,NA
587,1975,12,70,Austrian Grand Prix,1975-08-17,NA,NA,NA,NA,NA
588,1975,13,14,Italian Grand Prix,1975-09-07,NA,NA,NA,NA,NA
589,1975,14,46,United States Grand Prix,1975-10-05,NA,NA,NA,NA,NA
590,1974,1,25,Argentine Grand Prix,1974-01-13,NA,NA,NA,NA,NA
591,1974,2,18,Brazilian Grand Prix,1974-01-27,NA,NA,NA,NA,NA
592,1974,3,30,South African Grand Prix,1974-03-30,NA,NA,NA,NA,NA
593,1974,4,45,Spanish Grand Prix,1974-04-28,NA,NA,NA,NA,NA
594,1974,5,50,Belgian Grand Prix,1974-05-12,NA,NA,NA,NA,NA
595,1974,6,6,Monaco Grand Prix,1974-05-26,NA,NA,NA,NA,NA
596,1974,7,47,Swedish Grand Prix,1974-06-09,NA,NA,NA,NA,NA
597,1974,8,39,Dutch Grand Prix,1974-06-23,NA,NA,NA,NA,NA
598,1974,9,41,French Grand Prix,1974-07-07,NA,NA,NA,NA,NA
599,1974,10,38,British Grand Prix,1974-07-20,NA,NA,NA,NA,NA
600,1974,11,20,German Grand Prix,1974-08-04,NA,NA,NA,NA,NA
601,1974,12,70,Austrian Grand Prix,1974-08-18,NA,NA,NA,NA,NA
602,1974,13,14,Italian Grand Prix,1974-09-08,NA,NA,NA,NA,NA
603,1974,14,48,Canadian Grand Prix,1974-09-22,NA,NA,NA,NA,NA
604,1974,15,46,United States Grand Prix,1974-10-06,NA,NA,NA,NA,NA
605,1973,1,25,Argentine Grand Prix,1973-01-28,NA,NA,NA,NA,NA
606,1973,2,18,Brazilian Grand Prix,1973-02-11,NA,NA,NA,NA,NA
607,1973,3,30,South African Grand Prix,1973-03-03,NA,NA,NA,NA,NA
608,1973,4,49,Spanish Grand Prix,1973-04-29,NA,NA,NA,NA,NA
609,1973,5,40,Belgian Grand Prix,1973-05-20,NA,NA,NA,NA,NA
610,1973,6,6,Monaco Grand Prix,1973-06-03,NA,NA,NA,NA,NA
611,1973,7,47,Swedish Grand Prix,1973-06-17,NA,NA,NA,NA,NA
612,1973,8,34,French Grand Prix,1973-07-01,NA,NA,NA,NA,NA
613,1973,9,9,British Grand Prix,1973-07-14,NA,NA,NA,NA,NA
614,1973,10,39,Dutch Grand Prix,1973-07-29,NA,NA,NA,NA,NA
615,1973,11,20,German Grand Prix,1973-08-05,NA,NA,NA,NA,NA
616,1973,12,70,Austrian Grand Prix,1973-08-19,NA,NA,NA,NA,NA
617,1973,13,14,Italian Grand Prix,1973-09-09,NA,NA,NA,NA,NA
618,1973,14,48,Canadian Grand Prix,1973-09-23,NA,NA,NA,NA,NA
619,1973,15,46,United States Grand Prix,1973-10-07,NA,NA,NA,NA,NA
620,1972,1,25,Argentine Grand Prix,1972-01-23,NA,NA,NA,NA,NA
621,1972,2,30,South African Grand Prix,1972-03-04,NA,NA,NA,NA,NA
622,1972,3,45,Spanish Grand Prix,1972-05-01,NA,NA,NA,NA,NA
623,1972,4,6,Monaco Grand Prix,1972-05-14,NA,NA,NA,NA,NA
624,1972,5,50,Belgian Grand Prix,1972-06-04,NA,NA,NA,NA,NA
625,1972,6,51,French Grand Prix,1972-07-02,NA,NA,NA,NA,NA
626,1972,7,38,British Grand Prix,1972-07-15,NA,NA,NA,NA,NA
627,1972,8,20,German Grand Prix,1972-07-30,NA,NA,NA,NA,NA
628,1972,9,70,Austrian Grand Prix,1972-08-13,NA,NA,NA,NA,NA
629,1972,10,14,Italian Grand Prix,1972-09-10,NA,NA,NA,NA,NA
630,1972,11,48,Canadian Grand Prix,1972-09-24,NA,NA,NA,NA,NA
631,1972,12,46,United States Grand Prix,1972-10-08,NA,NA,NA,NA,NA
632,1971,1,30,South African Grand Prix,1971-03-06,NA,NA,NA,NA,NA
633,1971,2,49,Spanish Grand Prix,1971-04-18,NA,NA,NA,NA,NA
634,1971,3,6,Monaco Grand Prix,1971-05-23,NA,NA,NA,NA,NA
635,1971,4,39,Dutch Grand Prix,1971-06-20,NA,NA,NA,NA,NA
636,1971,5,34,French Grand Prix,1971-07-04,NA,NA,NA,NA,NA
637,1971,6,9,British Grand Prix,1971-07-17,NA,NA,NA,NA,NA
638,1971,7,20,German Grand Prix,1971-08-01,NA,NA,NA,NA,NA
639,1971,8,70,Austrian Grand Prix,1971-08-15,NA,NA,NA,NA,NA
640,1971,9,14,Italian Grand Prix,1971-09-05,NA,NA,NA,NA,NA
641,1971,10,48,Canadian Grand Prix,1971-09-19,NA,NA,NA,NA,NA
642,1971,11,46,United States Grand Prix,1971-10-03,NA,NA,NA,NA,NA
643,1970,1,30,South African Grand Prix,1970-03-07,NA,NA,NA,NA,NA
644,1970,2,45,Spanish Grand Prix,1970-04-19,NA,NA,NA,NA,NA
645,1970,3,6,Monaco Grand Prix,1970-05-10,NA,NA,NA,NA,NA
646,1970,4,13,Belgian Grand Prix,1970-06-07,NA,NA,NA,NA,NA
647,1970,5,39,Dutch Grand Prix,1970-06-21,NA,NA,NA,NA,NA
648,1970,6,51,French Grand Prix,1970-07-05,NA,NA,NA,NA,NA
649,1970,7,38,British Grand Prix,1970-07-18,NA,NA,NA,NA,NA
650,1970,8,10,German Grand Prix,1970-08-02,NA,NA,NA,NA,NA
651,1970,9,70,Austrian Grand Prix,1970-08-16,NA,NA,NA,NA,NA
652,1970,10,14,Italian Grand Prix,1970-09-06,NA,NA,NA,NA,NA
653,1970,11,52,Canadian Grand Prix,1970-09-20,NA,NA,NA,NA,NA
654,1970,12,46,United States Grand Prix,1970-10-04,NA,NA,NA,NA,NA
655,1970,13,32,Mexican Grand Prix,1970-10-25,NA,NA,NA,NA,NA
656,1969,1,30,South African Grand Prix,1969-03-01,NA,NA,NA,NA,NA
657,1969,2,49,Spanish Grand Prix,1969-05-04,NA,NA,NA,NA,NA
658,1969,3,6,Monaco Grand Prix,1969-05-18,NA,NA,NA,NA,NA
659,1969,4,39,Dutch Grand Prix,1969-06-21,NA,NA,NA,NA,NA
660,1969,5,51,French Grand Prix,1969-07-06,NA,NA,NA,NA,NA
661,1969,6,9,British Grand Prix,1969-07-19,NA,NA,NA,NA,NA
662,1969,7,20,German Grand Prix,1969-08-03,NA,NA,NA,NA,NA
663,1969,8,14,Italian Grand Prix,1969-09-07,NA,NA,NA,NA,NA
664,1969,9,48,Canadian Grand Prix,1969-09-20,NA,NA,NA,NA,NA
665,1969,10,46,United States Grand Prix,1969-10-05,NA,NA,NA,NA,NA
666,1969,11,32,Mexican Grand Prix,1969-10-19,NA,NA,NA,NA,NA
667,1968,1,30,South African Grand Prix,1968-01-01,NA,NA,NA,NA,NA
668,1968,2,45,Spanish Grand Prix,1968-05-12,NA,NA,NA,NA,NA
669,1968,3,6,Monaco Grand Prix,1968-05-26,NA,NA,NA,NA,NA
670,1968,4,13,Belgian Grand Prix,1968-06-09,NA,NA,NA,NA,NA
671,1968,5,39,Dutch Grand Prix,1968-06-23,NA,NA,NA,NA,NA
672,1968,6,53,French Grand Prix,1968-07-07,NA,NA,NA,NA,NA
673,1968,7,38,British Grand Prix,1968-07-20,NA,NA,NA,NA,NA
674,1968,8,20,German Grand Prix,1968-08-04,NA,NA,NA,NA,NA
675,1968,9,14,Italian Grand Prix,1968-09-08,NA,NA,NA,NA,NA
676,1968,10,52,Canadian Grand Prix,1968-09-22,NA,NA,NA,NA,NA
677,1968,11,46,United States Grand Prix,1968-10-06,NA,NA,NA,NA,NA
678,1968,12,32,Mexican Grand Prix,1968-11-03,NA,NA,NA,NA,NA
679,1967,1,30,South African Grand Prix,1967-01-02,NA,NA,NA,NA,NA
680,1967,2,6,Monaco Grand Prix,1967-05-07,NA,NA,NA,NA,NA
681,1967,3,39,Dutch Grand Prix,1967-06-04,NA,NA,NA,NA,NA
682,1967,4,13,Belgian Grand Prix,1967-06-18,NA,NA,NA,NA,NA
683,1967,5,54,French Grand Prix,1967-07-02,NA,NA,NA,NA,NA
684,1967,6,9,British Grand Prix,1967-07-15,NA,NA,NA,NA,NA
685,1967,7,20,German Grand Prix,1967-08-06,NA,NA,NA,NA,NA
686,1967,8,48,Canadian Grand Prix,1967-08-27,NA,NA,NA,NA,NA
687,1967,9,14,Italian Grand Prix,1967-09-10,NA,NA,NA,NA,NA
688,1967,10,46,United States Grand Prix,1967-10-01,NA,NA,NA,NA,NA
689,1967,11,32,Mexican Grand Prix,1967-10-22,NA,NA,NA,NA,NA
690,1966,1,6,Monaco Grand Prix,1966-05-22,NA,NA,NA,NA,NA
691,1966,2,13,Belgian Grand Prix,1966-06-12,NA,NA,NA,NA,NA
692,1966,3,55,French Grand Prix,1966-07-03,NA,NA,NA,NA,NA
693,1966,4,38,British Grand Prix,1966-07-16,NA,NA,NA,NA,NA
694,1966,5,39,Dutch Grand Prix,1966-07-24,NA,NA,NA,NA,NA
695,1966,6,20,German Grand Prix,1966-08-07,NA,NA,NA,NA,NA
696,1966,7,14,Italian Grand Prix,1966-09-04,NA,NA,NA,NA,NA
697,1966,8,46,United States Grand Prix,1966-10-02,NA,NA,NA,NA,NA
698,1966,9,32,Mexican Grand Prix,1966-10-23,NA,NA,NA,NA,NA
699,1965,1,56,South African Grand Prix,1965-01-01,NA,NA,NA,NA,NA
700,1965,2,6,Monaco Grand Prix,1965-05-30,NA,NA,NA,NA,NA
701,1965,3,13,Belgian Grand Prix,1965-06-13,NA,NA,NA,NA,NA
702,1965,4,51,French Grand Prix,1965-06-27,NA,NA,NA,NA,NA
703,1965,5,9,British Grand Prix,1965-07-10,NA,NA,NA,NA,NA
704,1965,6,39,Dutch Grand Prix,1965-07-18,NA,NA,NA,NA,NA
705,1965,7,20,German Grand Prix,1965-08-01,NA,NA,NA,NA,NA
706,1965,8,14,Italian Grand Prix,1965-09-12,NA,NA,NA,NA,NA
707,1965,9,46,United States Grand Prix,1965-10-03,NA,NA,NA,NA,NA
708,1965,10,32,Mexican Grand Prix,1965-10-24,NA,NA,NA,NA,NA
709,1964,1,6,Monaco Grand Prix,1964-05-10,NA,NA,NA,NA,NA
710,1964,2,39,Dutch Grand Prix,1964-05-24,NA,NA,NA,NA,NA
711,1964,3,13,Belgian Grand Prix,1964-06-14,NA,NA,NA,NA,NA
712,1964,4,53,French Grand Prix,1964-06-28,NA,NA,NA,NA,NA
713,1964,5,38,British Grand Prix,1964-07-11,NA,NA,NA,NA,NA
714,1964,6,20,German Grand Prix,1964-08-02,NA,NA,NA,NA,NA
715,1964,7,57,Austrian Grand Prix,1964-08-23,NA,NA,NA,NA,NA
716,1964,8,14,Italian Grand Prix,1964-09-06,NA,NA,NA,NA,NA
717,1964,9,46,United States Grand Prix,1964-10-04,NA,NA,NA,NA,NA
718,1964,10,32,Mexican Grand Prix,1964-10-25,NA,NA,NA,NA,NA
719,1963,1,6,Monaco Grand Prix,1963-05-26,NA,NA,NA,NA,NA
720,1963,2,13,Belgian Grand Prix,1963-06-09,NA,NA,NA,NA,NA
721,1963,3,39,Dutch Grand Prix,1963-06-23,NA,NA,NA,NA,NA
722,1963,4,55,French Grand Prix,1963-06-30,NA,NA,NA,NA,NA
723,1963,5,9,British Grand Prix,1963-07-20,NA,NA,NA,NA,NA
724,1963,6,20,German Grand Prix,1963-08-04,NA,NA,NA,NA,NA
725,1963,7,14,Italian Grand Prix,1963-09-08,NA,NA,NA,NA,NA
726,1963,8,46,United States Grand Prix,1963-10-06,NA,NA,NA,NA,NA
727,1963,9,32,Mexican Grand Prix,1963-10-27,NA,NA,NA,NA,NA
728,1963,10,56,South African Grand Prix,1963-12-28,NA,NA,NA,NA,NA
729,1962,1,39,Dutch Grand Prix,1962-05-20,NA,NA,NA,NA,NA
730,1962,2,6,Monaco Grand Prix,1962-06-03,NA,NA,NA,NA,NA
731,1962,3,13,Belgian Grand Prix,1962-06-17,NA,NA,NA,NA,NA
732,1962,4,53,French Grand Prix,1962-07-08,NA,NA,NA,NA,NA
733,1962,5,58,British Grand Prix,1962-07-21,NA,NA,NA,NA,NA
734,1962,6,20,German Grand Prix,1962-08-05,NA,NA,NA,NA,NA
735,1962,7,14,Italian Grand Prix,1962-09-16,NA,NA,NA,NA,NA
736,1962,8,46,United States Grand Prix,1962-10-07,NA,NA,NA,NA,NA
737,1962,9,56,South African Grand Prix,1962-12-29,NA,NA,NA,NA,NA
738,1961,1,6,Monaco Grand Prix,1961-05-14,NA,NA,NA,NA,NA
739,1961,2,39,Dutch Grand Prix,1961-05-22,NA,NA,NA,NA,NA
740,1961,3,13,Belgian Grand Prix,1961-06-18,NA,NA,NA,NA,NA
741,1961,4,55,French Grand Prix,1961-07-02,NA,NA,NA,NA,NA
742,1961,5,58,British Grand Prix,1961-07-15,NA,NA,NA,NA,NA
743,1961,6,20,German Grand Prix,1961-08-06,NA,NA,NA,NA,NA
744,1961,7,14,Italian Grand Prix,1961-09-10,NA,NA,NA,NA,NA
745,1961,8,46,United States Grand Prix,1961-10-08,NA,NA,NA,NA,NA
746,1960,1,25,Argentine Grand Prix,1960-02-07,NA,NA,NA,NA,NA
747,1960,2,6,Monaco Grand Prix,1960-05-29,NA,NA,NA,NA,NA
748,1960,3,19,Indianapolis 500,1960-05-30,NA,NA,NA,NA,NA
749,1960,4,39,Dutch Grand Prix,1960-06-06,NA,NA,NA,NA,NA
750,1960,5,13,Belgian Grand Prix,1960-06-19,NA,NA,NA,NA,NA
751,1960,6,55,French Grand Prix,1960-07-03,NA,NA,NA,NA,NA
752,1960,7,9,British Grand Prix,1960-07-16,NA,NA,NA,NA,NA
753,1960,8,59,Portuguese Grand Prix,1960-08-14,NA,NA,NA,NA,NA
754,1960,9,14,Italian Grand Prix,1960-09-04,NA,NA,NA,NA,NA
755,1960,10,60,United States Grand Prix,1960-11-20,NA,NA,NA,NA,NA
756,1959,1,6,Monaco Grand Prix,1959-05-10,NA,NA,NA,NA,NA
757,1959,2,19,Indianapolis 500,1959-05-30,NA,NA,NA,NA,NA
758,1959,3,39,Dutch Grand Prix,1959-05-31,NA,NA,NA,NA,NA
759,1959,4,55,French Grand Prix,1959-07-05,NA,NA,NA,NA,NA
760,1959,5,58,British Grand Prix,1959-07-18,NA,NA,NA,NA,NA
761,1959,6,61,German Grand Prix,1959-08-02,NA,NA,NA,NA,NA
762,1959,7,62,Portuguese Grand Prix,1959-08-23,NA,NA,NA,NA,NA
763,1959,8,14,Italian Grand Prix,1959-09-13,NA,NA,NA,NA,NA
764,1959,9,63,United States Grand Prix,1959-12-12,NA,NA,NA,NA,NA
765,1958,1,25,Argentine Grand Prix,1958-01-19,NA,NA,NA,NA,NA
766,1958,2,6,Monaco Grand Prix,1958-05-18,NA,NA,NA,NA,NA
767,1958,3,39,Dutch Grand Prix,1958-05-26,NA,NA,NA,NA,NA
768,1958,4,19,Indianapolis 500,1958-05-30,NA,NA,NA,NA,NA
769,1958,5,13,Belgian Grand Prix,1958-06-15,NA,NA,NA,NA,NA
770,1958,6,55,French Grand Prix,1958-07-06,NA,NA,NA,NA,NA
771,1958,7,9,British Grand Prix,1958-07-19,NA,NA,NA,NA,NA
772,1958,8,20,German Grand Prix,1958-08-03,NA,NA,NA,NA,NA
773,1958,9,59,Portuguese Grand Prix,1958-08-24,NA,NA,NA,NA,NA
774,1958,10,14,Italian Grand Prix,1958-09-07,NA,NA,NA,NA,NA
775,1958,11,64,Moroccan Grand Prix,1958-10-19,NA,NA,NA,NA,NA
776,1957,1,25,Argentine Grand Prix,1957-01-13,NA,NA,NA,NA,NA
777,1957,2,6,Monaco Grand Prix,1957-05-19,NA,NA,NA,NA,NA
778,1957,3,19,Indianapolis 500,1957-05-30,NA,NA,NA,NA,NA
779,1957,4,53,French Grand Prix,1957-07-07,NA,NA,NA,NA,NA
780,1957,5,58,British Grand Prix,1957-07-20,NA,NA,NA,NA,NA
781,1957,6,20,German Grand Prix,1957-08-04,NA,NA,NA,NA,NA
782,1957,7,65,Pescara Grand Prix,1957-08-18,NA,NA,NA,NA,NA
783,1957,8,14,Italian Grand Prix,1957-09-08,NA,NA,NA,NA,NA
784,1956,1,25,Argentine Grand Prix,1956-01-22,NA,NA,NA,NA,NA
785,1956,2,6,Monaco Grand Prix,1956-05-13,NA,NA,NA,NA,NA
786,1956,3,19,Indianapolis 500,1956-05-30,NA,NA,NA,NA,NA
787,1956,4,13,Belgian Grand Prix,1956-06-03,NA,NA,NA,NA,NA
788,1956,5,55,French Grand Prix,1956-07-01,NA,NA,NA,NA,NA
789,1956,6,9,British Grand Prix,1956-07-14,NA,NA,NA,NA,NA
790,1956,7,20,German Grand Prix,1956-08-05,NA,NA,NA,NA,NA
791,1956,8,14,Italian Grand Prix,1956-09-02,NA,NA,NA,NA,NA
792,1955,1,25,Argentine Grand Prix,1955-01-16,NA,NA,NA,NA,NA
793,1955,2,6,Monaco Grand Prix,1955-05-22,NA,NA,NA,NA,NA
794,1955,3,19,Indianapolis 500,1955-05-30,NA,NA,NA,NA,NA
795,1955,4,13,Belgian Grand Prix,1955-06-05,NA,NA,NA,NA,NA
796,1955,5,39,Dutch Grand Prix,1955-06-19,NA,NA,NA,NA,NA
797,1955,6,58,British Grand Prix,1955-07-16,NA,NA,NA,NA,NA
798,1955,7,14,Italian Grand Prix,1955-09-11,NA,NA,NA,NA,NA
799,1954,1,25,Argentine Grand Prix,1954-01-17,NA,NA,NA,NA,NA
800,1954,2,19,Indianapolis 500,1954-05-31,NA,NA,NA,NA,NA
801,1954,3,13,Belgian Grand Prix,1954-06-20,NA,NA,NA,NA,NA
802,1954,4,55,French Grand Prix,1954-07-04,NA,NA,NA,NA,NA
803,1954,5,9,British Grand Prix,1954-07-17,NA,NA,NA,NA,NA
804,1954,6,20,German Grand Prix,1954-08-01,NA,NA,NA,NA,NA
805,1954,7,66,Swiss Grand Prix,1954-08-22,NA,NA,NA,NA,NA
806,1954,8,14,Italian Grand Prix,1954-09-05,NA,NA,NA,NA,NA
807,1954,9,67,Spanish Grand Prix,1954-10-24,NA,NA,NA,NA,NA
808,1953,1,25,Argentine Grand Prix,1953-01-18,NA,NA,NA,NA,NA
809,1953,2,19,Indianapolis 500,1953-05-30,NA,NA,NA,NA,NA
810,1953,3,39,Dutch Grand Prix,1953-06-07,NA,NA,NA,NA,NA
811,1953,4,13,Belgian Grand Prix,1953-06-21,NA,NA,NA,NA,NA
812,1953,5,55,French Grand Prix,1953-07-05,NA,NA,NA,NA,NA
813,1953,6,9,British Grand Prix,1953-07-18,NA,NA,NA,NA,NA
814,1953,7,20,German Grand Prix,1953-08-02,NA,NA,NA,NA,NA
815,1953,8,66,Swiss Grand Prix,1953-08-23,NA,NA,NA,NA,NA
816,1953,9,14,Italian Grand Prix,1953-09-13,NA,NA,NA,NA,NA
817,1952,1,66,Swiss Grand Prix,1952-05-18,NA,NA,NA,NA,NA
818,1952,2,19,Indianapolis 500,1952-05-30,NA,NA,NA,NA,NA
819,1952,3,13,Belgian Grand Prix,1952-06-22,NA,NA,NA,NA,NA
820,1952,4,53,French Grand Prix,1952-07-06,NA,NA,NA,NA,NA
821,1952,5,9,British Grand Prix,1952-07-19,NA,NA,NA,NA,NA
822,1952,6,20,German Grand Prix,1952-08-03,NA,NA,NA,NA,NA
823,1952,7,39,Dutch Grand Prix,1952-08-17,NA,NA,NA,NA,NA
824,1952,8,14,Italian Grand Prix,1952-09-07,NA,NA,NA,NA,NA
825,1951,1,66,Swiss Grand Prix,1951-05-27,NA,NA,NA,NA,NA
826,1951,2,19,Indianapolis 500,1951-05-30,NA,NA,NA,NA,NA
827,1951,3,13,Belgian Grand Prix,1951-06-17,NA,NA,NA,NA,NA
828,1951,4,55,French Grand Prix,1951-07-01,NA,NA,NA,NA,NA
829,1951,5,9,British Grand Prix,1951-07-14,NA,NA,NA,NA,NA
830,1951,6,20,German Grand Prix,1951-07-29,NA,NA,NA,NA,NA
831,1951,7,14,Italian Grand Prix,1951-09-16,NA,NA,NA,NA,NA
832,1951,8,67,Spanish Grand Prix,1951-10-28,NA,NA,NA,NA,NA
833,1950,1,9,British Grand Prix,1950-05-13,NA,NA,NA,NA,NA
834,1950,2,6,Monaco Grand Prix,1950-05-21,NA,NA,NA,NA,NA
835,1950,3,19,Indianapolis 500,1950-05-30,NA,NA,NA,NA,NA
836,1950,4,66,Swiss Grand Prix,1950-06-04,NA,NA,NA,NA,NA
837,1950,5,13,Belgian Grand Prix,1950-06-18,NA,NA,NA,NA,NA
838,1950,6,55,French Grand Prix,1950-07-02,NA,NA,NA,NA,NA
839,1950,7,14,Italian Grand Prix,1950-09-03,NA,NA,NA,NA,NA
841,2011,1,1,Australian Grand Prix,2011-03-27,NA,NA,NA,NA,NA
842,2011,2,2,Malaysian Grand Prix,2011-04-10,NA,NA,NA,NA,NA
843,2011,3,17,Chinese Grand Prix,2011-04-17,NA,NA,NA,NA,NA
844,2011,4,5,Turkish Grand Prix,2011-05-08,NA,NA,NA,NA,NA
845,2011,5,4,Spanish Grand Prix,2011-05-22,NA,NA,NA,NA,NA
846,2011,6,6,Monaco Grand Prix,2011-05-29,NA,NA,NA,NA,NA
847,2011,7,7,Canadian Grand Prix,2011-06-12,NA,NA,NA,NA,NA
848,2011,8,12,European Grand Prix,2011-06-26,NA,NA,NA,NA,NA
849,2011,9,9,British Grand Prix,2011-07-10,NA,NA,NA,NA,NA
850,2011,10,20,German Grand Prix,2011-07-24,NA,NA,NA,NA,NA
851,2011,11,11,Hungarian Grand Prix,2011-07-31,NA,NA,NA,NA,NA
852,2011,12,13,Belgian Grand Prix,2011-08-28,NA,NA,NA,NA,NA
853,2011,13,14,Italian Grand Prix,2011-09-11,NA,NA,NA,NA,NA
854,2011,14,15,Singapore Grand Prix,2011-09-25,NA,NA,NA,NA,NA
855,2011,15,22,Japanese Grand Prix,2011-10-09,NA,NA,NA,NA,NA
856,2011,16,35,Korean Grand Prix,2011-10-16,NA,NA,NA,NA,NA
857,2011,17,68,Indian Grand Prix,2011-10-30,NA,NA,NA,NA,NA
858,2011,18,24,Abu Dhabi Grand Prix,2011-11-13,NA,NA,NA,NA,NA
859,2011,19,18,Brazilian Grand Prix,2011-11-27,NA,NA,NA,NA,NA
860,2012,1,1,Australian Grand Prix,2012-03-18,NA,NA,NA,NA,NA
861,2012,2,2,Malaysian Grand Prix,2012-03-25,NA,NA,NA,NA,NA
862,2012,3,17,Chinese Grand Prix,2012-04-15,NA,NA,NA,NA,NA
863,2012,4,3,Bahrain Grand Prix,2012-04-22,NA,NA,NA,NA,NA
864,2012,5,4,Spanish Grand Prix,2012-05-13,NA,NA,NA,NA,NA
865,2012,6,6,Monaco Grand Prix,2012-05-27,NA,NA,NA,NA,NA
866,2012,7,7,Canadian Grand Prix,2012-06-10,NA,NA,NA,NA,NA
867,2012,8,12,European Grand Prix,2012-06-24,NA,NA,NA,NA,NA
868,2012,9,9,British Grand Prix,2012-07-08,NA,NA,NA,NA,NA
869,2012,10,10,German Grand Prix,2012-07-22,NA,NA,NA,NA,NA
870,2012,11,11,Hungarian Grand Prix,2012-07-29,NA,NA,NA,NA,NA
871,2012,12,13,Belgian Grand Prix,2012-09-02,NA,NA,NA,NA,NA
872,2012,13,14,Italian Grand Prix,2012-09-09,NA,NA,NA,NA,NA
873,2012,14,15,Singapore Grand Prix,2012-09-23,NA,NA,NA,NA,NA
874,2012,15,22,Japanese Grand Prix,2012-10-07,NA,NA,NA,NA,NA
875,2012,16,35,Korean Grand Prix,2012-10-14,NA,NA,NA,NA,NA
876,2012,17,68,Indian Grand Prix,2012-10-28,NA,NA,NA,NA,NA
877,2012,18,24,Abu Dhabi Grand Prix,2012-11-04,NA,NA,NA,NA,NA
878,2012,19,69,United States Grand Prix,2012-11-18,NA,NA,NA,NA,NA
879,2012,20,18,Brazilian Grand Prix,2012-11-25,NA,NA,NA,NA,NA
880,2013,1,1,Australian Grand Prix,2013-03-17,NA,NA,NA,NA,NA
881,2013,2,2,Malaysian Grand Prix,2013-03-24,NA,NA,NA,NA,NA
882,2013,3,17,Chinese Grand Prix,2013-04-14,NA,NA,NA,NA,NA
883,2013,4,3,Bahrain Grand Prix,2013-04-21,NA,NA,NA,NA,NA
884,2013,5,4,Spanish Grand Prix,2013-05-12,NA,NA,NA,NA,NA
885,2013,6,6,Monaco Grand Prix,2013-05-26,NA,NA,NA,NA,NA
886,2013,7,7,Canadian Grand Prix,2013-06-09,NA,NA,NA,NA,NA
887,2013,8,9,British Grand Prix,2013-06-30,NA,NA,NA,NA,NA
888,2013,9,20,German Grand Prix,2013-07-07,NA,NA,NA,NA,NA
890,2013,10,11,Hungarian Grand Prix,2013-07-28,NA,NA,NA,NA,NA
891,2013,11,13,Belgian Grand Prix,2013-08-25,NA,NA,NA,NA,NA
892,2013,12,14,Italian Grand Prix,2013-09-08,NA,NA,NA,NA,NA
893,2013,13,15,Singapore Grand Prix,2013-09-22,NA,NA,NA,NA,NA
894,2013,14,35,Korean Grand Prix,2013-10-06,NA,NA,NA,NA,NA
895,2013,15,22,Japanese Grand Prix,2013-10-13,NA,NA,NA,NA,NA
896,2013,16,68,Indian Grand Prix,2013-10-27,NA,NA,NA,NA,NA
897,2013,17,24,Abu Dhabi Grand Prix,2013-11-03,NA,NA,NA,NA,NA
898,2013,18,69,United States Grand Prix,2013-11-17,NA,NA,NA,NA,NA
899,2013,19,18,Brazilian Grand Prix,2013-11-24,NA,NA,NA,NA,NA
900,2014,1,1,Australian Grand Prix,2014-03-16,NA,NA,NA,NA,NA
901,2014,2,2,Malaysian Grand Prix,2014-03-30,NA,NA,NA,NA,NA
902,2014,3,3,Bahrain Grand Prix,2014-04-06,NA,NA,NA,NA,NA
903,2014,4,17,Chinese Grand Prix,2014-04-20,NA,NA,NA,NA,NA
904,2014,5,4,Spanish Grand Prix,2014-05-11,NA,NA,NA,NA,NA
905,2014,6,6,Monaco Grand Prix,2014-05-25,NA,NA,NA,NA,NA
906,2014,7,7,Canadian Grand Prix,2014-06-08,NA,NA,NA,NA,NA
907,2014,8,70,Austrian Grand Prix,2014-06-22,NA,NA,NA,NA,NA
908,2014,9,9,British Grand Prix,2014-07-06,NA,NA,NA,NA,NA
909,2014,10,10,German Grand Prix,2014-07-20,NA,NA,NA,NA,NA
910,2014,11,11,Hungarian Grand Prix,2014-07-27,NA,NA,NA,NA,NA
911,2014,12,13,Belgian Grand Prix,2014-08-24,NA,NA,NA,NA,NA
912,2014,13,14,Italian Grand Prix,2014-09-07,NA,NA,NA,NA,NA
913,2014,14,15,Singapore Grand Prix,2014-09-21,NA,NA,NA,NA,NA
914,2014,15,22,Japanese Grand Prix,2014-10-05,NA,NA,NA,NA,NA
915,2014,16,71,Russian Grand Prix,2014-10-12,NA,NA,NA,NA,NA
916,2014,17,69,United States Grand Prix,2014-11-02,NA,NA,NA,NA,NA
917,2014,18,18,Brazilian Grand Prix,2014-11-09,NA,NA,NA,NA,NA
918,2014,19,24,Abu Dhabi Grand Prix,2014-11-23,NA,NA,NA,NA,NA
931,2015,6,6,Monaco Grand Prix,2015-05-24,NA,NA,NA,NA,NA
932,2015,7,7,Canadian Grand Prix,2015-06-07,NA,NA,NA,NA,NA
929,2015,4,3,Bahrain Grand Prix,2015-04-19,NA,NA,NA,NA,NA
930,2015,5,4,Spanish Grand Prix,2015-05-10,NA,NA,NA,NA,NA
928,2015,3,17,Chinese Grand Prix,2015-04-12,NA,NA,NA,NA,NA
926,2015,1,1,Australian Grand Prix,2015-03-15,NA,NA,NA,NA,NA
927,2015,2,2,Malaysian Grand Prix,2015-03-29,NA,NA,NA,NA,NA
933,2015,8,70,Austrian Grand Prix,2015-06-21,NA,NA,NA,NA,NA
934,2015,9,9,British Grand Prix,2015-07-05,NA,NA,NA,NA,NA
936,2015,10,11,Hungarian Grand Prix,2015-07-26,NA,NA,NA,NA,NA
937,2015,11,13,Belgian Grand Prix,2015-08-23,NA,NA,NA,NA,NA
938,2015,12,14,Italian Grand Prix,2015-09-06,NA,NA,NA,NA,NA
939,2015,13,15,Singapore Grand Prix,2015-09-20,NA,NA,NA,NA,NA
940,2015,14,22,Japanese Grand Prix,2015-09-27,NA,NA,NA,NA,NA
941,2015,15,71,Russian Grand Prix,2015-10-11,NA,NA,NA,NA,NA
942,2015,16,69,United States Grand Prix,2015-10-25,NA,NA,NA,NA,NA
943,2015,17,32,Mexican Grand Prix,2015-11-01,NA,NA,NA,NA,NA
944,2015,18,18,Brazilian Grand Prix,2015-11-15,NA,NA,NA,NA,NA
945,2015,19,24,Abu Dhabi Grand Prix,2015-11-29,NA,NA,NA,NA,NA
948,2016,1,1,Australian Grand Prix,2016-03-20,NA,NA,NA,NA,NA
949,2016,2,3,Bahrain Grand Prix,2016-04-03,NA,NA,NA,NA,NA
950,2016,3,17,Chinese Grand Prix,2016-04-17,NA,NA,NA,NA,NA
951,2016,4,71,Russian Grand Prix,2016-05-01,NA,NA,NA,NA,NA
952,2016,5,4,Spanish Grand Prix,2016-05-15,NA,NA,NA,NA,NA
953,2016,6,6,Monaco Grand Prix,2016-05-29,NA,NA,NA,NA,NA
954,2016,7,7,Canadian Grand Prix,2016-06-12,NA,NA,NA,NA,NA
955,2016,8,73,European Grand Prix,2016-06-19,NA,NA,NA,NA,NA
956,2016,9,70,Austrian Grand Prix,2016-07-03,NA,NA,NA,NA,NA
957,2016,10,9,British Grand Prix,2016-07-10,NA,NA,NA,NA,NA
958,2016,11,11,Hungarian Grand Prix,2016-07-24,NA,NA,NA,NA,NA
959,2016,12,10,German Grand Prix,2016-07-31,NA,NA,NA,NA,NA
960,2016,13,13,Belgian Grand Prix,2016-08-28,NA,NA,NA,NA,NA
961,2016,14,14,Italian Grand Prix,2016-09-04,NA,NA,NA,NA,NA
962,2016,15,15,Singapore Grand Prix,2016-09-18,NA,NA,NA,NA,NA
963,2016,16,2,Malaysian Grand Prix,2016-10-02,NA,NA,NA,NA,NA
964,2016,17,22,Japanese Grand Prix,2016-10-09,NA,NA,NA,NA,NA
965,2016,18,69,United States Grand Prix,2016-10-23,NA,NA,NA,NA,NA
966,2016,19,32,Mexican Grand Prix,2016-10-30,NA,NA,NA,NA,NA
967,2016,20,18,Brazilian Grand Prix,2016-11-13,NA,NA,NA,NA,NA
968,2016,21,24,Abu Dhabi Grand Prix,2016-11-27,NA,NA,NA,NA,NA
969,2017,1,1,Australian Grand Prix,2017-03-26,NA,NA,NA,NA,NA
970,2017,2,17,Chinese Grand Prix,2017-04-09,NA,NA,NA,NA,NA
971,2017,3,3,Bahrain Grand Prix,2017-04-16,NA,NA,NA,NA,NA
972,2017,4,71,Russian Grand Prix,2017-04-30,NA,NA,NA,NA,NA
973,2017,5,4,Spanish Grand Prix,2017-05-14,NA,NA,NA,NA,NA
974,2017,6,6,Monaco Grand Prix,2017-05-28,NA,NA,NA,NA,NA
975,2017,7,7,Canadian Grand Prix,2017-06-11,NA,NA,NA,NA,NA
976,2017,8,73,Azerbaijan Grand Prix,2017-06-25,NA,NA,NA,NA,NA
977,2017,9,70,Austrian Grand Prix,2017-07-09,NA,NA,NA,NA,NA
978,2017,10,9,British Grand Prix,2017-07-16,NA,NA,NA,NA,NA
979,2017,11,11,Hungarian Grand Prix,2017-07-30,NA,NA,NA,NA,NA
980,2017,12,13,Belgian Grand Prix,2017-08-27,NA,NA,NA,NA,NA
981,2017,13,14,Italian Grand Prix,2017-09-03,NA,NA,NA,NA,NA
982,2017,14,15,Singapore Grand Prix,2017-09-17,NA,NA,NA,NA,NA
983,2017,15,2,Malaysian Grand Prix,2017-10-01,NA,NA,NA,NA,NA
984,2017,16,22,Japanese Grand Prix,2017-10-08,NA,NA,NA,NA,NA
985,2017,17,69,United States Grand Prix,2017-10-22,NA,NA,NA,NA,NA
986,2017,18,32,Mexican Grand Prix,2017-10-29,NA,NA,NA,NA,NA
987,2017,19,18,Brazilian Grand Prix,2017-11-12,NA,NA,NA,NA,NA
988,2017,20,24,Abu Dhabi Grand Prix,2017-11-26,NA,NA,NA,NA,NA
989,2018,1,1,Australian Grand Prix,2018-03-25,NA,NA,NA,NA,NA
990,2018,2,3,Bahrain Grand Prix,2018-04-08,NA,NA,NA,NA,NA
991,2018,3,17,Chinese Grand Prix,2018-04-15,NA,NA,NA,NA,NA
992,2018,4,73,Azerbaijan Grand Prix,2018-04-29,NA,NA,NA,NA,NA
993,2018,5,4,Spanish Grand Prix,2018-05-13,NA,NA,NA,NA,NA
994,2018,6,6,Monaco Grand Prix,2018-05-27,NA,NA,NA,NA,NA
995,2018,7,7,Canadian Grand Prix,2018-06-10,NA,NA,NA,NA,NA
996,2018,8,34,French Grand Prix,2018-06-24,NA,NA,NA,NA,NA
997,2018,9,70,Austrian Grand Prix,2018-07-01,NA,NA,NA,NA,NA
998,2018,10,9,British Grand Prix,2018-07-08,NA,NA,NA,NA,NA
999,2018,11,10,German Grand Prix,2018-07-22,NA,NA,NA,NA,NA
1000,2018,12,11,Hungarian Grand Prix,2018-07-29,NA,NA,NA,NA,NA
1001,2018,13,13,Belgian Grand Prix,2018-08-26,NA,NA,NA,NA,NA
1002,2018,14,14,Italian Grand Prix,2018-09-02,NA,NA,NA,NA,NA
1003,2018,15,15,Singapore Grand Prix,2018-09-16,NA,NA,NA,NA,NA
1004,2018,16,71,Russian Grand Prix,2018-09-30,NA,NA,NA,NA,NA
1005,2018,17,22,Japanese Grand Prix,2018-10-07,NA,NA,NA,NA,NA
1006,2018,18,69,United States Grand Prix,2018-10-21,NA,NA,NA,NA,NA
1007,2018,19,32,Mexican Grand Prix,2018-10-28,NA,NA,NA,NA,NA
1008,2018,20,18,Brazilian Grand Prix,2018-11-11,NA,NA,NA,NA,NA
1009,2018,21,24,Abu Dhabi Grand Prix,2018-11-25,NA,NA,NA,NA,NA
1010,2019,1,1,Australian Grand Prix,2019-03-17,NA,NA,NA,NA,NA
1011,2019,2,3,Bahrain Grand Prix,2019-03-31,NA,NA,NA,NA,NA
1012,2019,3,17,Chinese Grand Prix,2019-04-14,NA,NA,NA,NA,NA
1013,2019,4,73,Azerbaijan Grand Prix,2019-04-28,NA,NA,NA,NA,NA
1014,2019,5,4,Spanish Grand Prix,2019-05-12,NA,NA,NA,NA,NA
1015,2019,6,6,Monaco Grand Prix,2019-05-26,NA,NA,NA,NA,NA
1016,2019,7,7,Canadian Grand Prix,2019-06-09,NA,NA,NA,NA,NA
1017,2019,8,34,French Grand Prix,2019-06-23,NA,NA,NA,NA,NA
1018,2019,9,70,Austrian Grand Prix,2019-06-30,NA,NA,NA,NA,NA
1019,2019,10,9,British Grand Prix,2019-07-14,NA,NA,NA,NA,NA
1020,2019,11,10,German Grand Prix,2019-07-28,NA,NA,NA,NA,NA
1021,2019,12,11,Hungarian Grand Prix,2019-08-04,NA,NA,NA,NA,NA
1022,2019,13,13,Belgian Grand Prix,2019-09-01,NA,NA,NA,NA,NA
1023,2019,14,14,Italian Grand Prix,2019-09-08,NA,NA,NA,NA,NA
1024,2019,15,15,Singapore Grand Prix,2019-09-22,NA,NA,NA,NA,NA
1025,2019,16,71,Russian Grand Prix,2019-09-29,NA,NA,NA,NA,NA
1026,2019,17,22,Japanese Grand Prix,2019-10-13,NA,NA,NA,NA,NA
1027,2019,18,32,Mexican Grand Prix,2019-10-27,NA,NA,NA,NA,NA
1028,2019,19,69,United States Grand Prix,2019-11-03,NA,NA,NA,NA,NA
1029,2019,20,18,Brazilian Grand Prix,2019-11-17,NA,NA,NA,NA,NA
1030,2019,21,24,Abu Dhabi Grand Prix,2019-12-01,NA,NA,NA,NA,NA
1031,2020,1,70,Austrian Grand Prix,2020-07-05,NA,NA,NA,NA,NA
1032,2020,2,70,Styrian Grand Prix,2020-07-12,NA,NA,NA,NA,NA
1033,2020,3,11,Hungarian Grand Prix,2020-07-19,NA,NA,NA,NA,NA
1034,2020,4,9,British Grand Prix,2020-08-02,NA,NA,NA,NA,NA
1035,2020,5,9,70th Anniversary Grand Prix,2020-08-09,NA,NA,NA,NA,NA
1036,2020,6,4,Spanish Grand Prix,2020-08-16,NA,NA,NA,NA,NA
1037,2020,7,13,Belgian Grand Prix,2020-08-30,NA,NA,NA,NA,NA
1038,2020,8,14,Italian Grand Prix,2020-09-06,NA,NA,NA,NA,NA
1039,2020,9,76,Tuscan Grand Prix,2020-09-13,NA,NA,NA,NA,NA
1040,2020,10,71,Russian Grand Prix,2020-09-27,NA,NA,NA,NA,NA
1041,2020,11,20,Eifel Grand Prix,2020-10-11,NA,NA,NA,NA,NA
1042,2020,12,75,Portuguese Grand Prix,2020-10-25,NA,NA,NA,NA,NA
1043,2020,13,21,Emilia Romagna Grand Prix,2020-11-01,NA,NA,NA,NA,NA
1044,2020,14,5,Turkish Grand Prix,2020-11-15,NA,NA,NA,NA,NA
1045,2020,15,3,Bahrain Grand Prix,2020-11-29,NA,NA,NA,NA,NA
1046,2020,16,3,Sakhir Grand Prix,2020-12-06,NA,NA,NA,NA,NA
1047,2020,17,24,Abu Dhabi Grand Prix,2020-12-13,NA,NA,NA,NA,NA
1053,2021,2,21,Emilia Romagna Grand Prix,2021-04-18,2021-04-16,2021-04-16,2021-04-17,2021-04-17,NA
1074,2022,1,3,Bahrain Grand Prix,2022-03-20,2022-03-18,2022-03-18,2022-03-19,2022-03-19,NA
1052,2021,1,3,Bahrain Grand Prix,2021-03-28,2021-03-26,2021-03-26,2021-03-27,2021-03-27,NA
1051,2021,20,78,Qatar Grand Prix,2021-11-21,2021-11-19,2021-11-19,2021-11-20,2021-11-20,NA
1054,2021,3,75,Portuguese Grand Prix,2021-05-02,2021-04-30,2021-04-30,2021-05-01,2021-05-01,NA
1055,2021,4,4,Spanish Grand Prix,2021-05-09,2021-05-07,2021-05-07,2021-05-08,2021-05-08,NA
1056,2021,5,6,Monaco Grand Prix,2021-05-23,2021-05-21,2021-05-21,2021-05-22,2021-05-22,NA
1057,2021,6,73,Azerbaijan Grand Prix,2021-06-06,2021-06-04,2021-06-04,2021-06-05,2021-06-05,NA
1058,2021,8,70,Styrian Grand Prix,2021-06-27,2021-06-25,2021-06-25,2021-06-26,2021-06-26,NA
1059,2021,7,34,French Grand Prix,2021-06-20,2021-06-18,2021-06-18,2021-06-19,2021-06-19,NA
1060,2021,9,70,Austrian Grand Prix,2021-07-04,2021-07-02,2021-07-02,2021-07-03,2021-07-03,NA
1061,2021,10,9,British Grand Prix,2021-07-18,2021-07-16,2021-07-17,NA,2021-07-16,2021-07-17
1062,2021,11,11,Hungarian Grand Prix,2021-08-01,2021-07-30,2021-07-30,2021-07-31,2021-07-31,NA
1063,2021,12,13,Belgian Grand Prix,2021-08-29,2021-08-27,2021-08-27,2021-08-28,2021-08-28,NA
1064,2021,13,39,Dutch Grand Prix,2021-09-05,2021-09-03,2021-09-03,2021-09-04,2021-09-04,NA
1065,2021,14,14,Italian Grand Prix,2021-09-12,2021-09-10,2021-09-11,NA,2021-09-10,2021-09-11
1066,2021,15,71,Russian Grand Prix,2021-09-26,2021-09-24,2021-09-24,2021-09-25,2021-09-25,NA
1067,2021,16,5,Turkish Grand Prix,2021-10-10,2021-10-08,2021-10-08,2021-10-09,2021-10-09,NA
1069,2021,17,69,United States Grand Prix,2021-10-24,2021-10-22,2021-10-22,2021-10-23,2021-10-23,NA
1070,2021,18,32,Mexico City Grand Prix,2021-11-07,2021-11-05,2021-11-05,2021-11-06,2021-11-06,NA
1071,2021,19,18,São Paulo Grand Prix,2021-11-14,2021-11-12,2021-11-13,NA,2021-11-12,2021-11-13
1072,2021,21,77,Saudi Arabian Grand Prix,2021-12-05,2021-12-03,2021-12-03,2021-12-04,2021-12-04,NA
1073,2021,22,24,Abu Dhabi Grand Prix,2021-12-12,2021-12-10,2021-12-10,2021-12-11,2021-12-11,NA
1075,2022,2,77,Saudi Arabian Grand Prix,2022-03-27,2022-03-25,2022-03-25,2022-03-26,2022-03-26,NA
1076,2022,3,1,Australian Grand Prix,2022-04-10,2022-04-08,2022-04-08,2022-04-09,2022-04-09,NA
1077,2022,4,21,Emilia Romagna Grand Prix,2022-04-24,2022-04-22,2022-04-23,NA,2022-04-22,2022-04-23
1078,2022,5,79,Miami Grand Prix,2022-05-08,2022-05-06,2022-05-06,2022-05-07,2022-05-07,NA
1079,2022,6,4,Spanish Grand Prix,2022-05-22,2022-05-20,2022-05-20,2022-05-21,2022-05-21,NA
1080,2022,7,6,Monaco Grand Prix,2022-05-29,2022-05-27,2022-05-27,2022-05-28,2022-05-28,NA
1081,2022,8,73,Azerbaijan Grand Prix,2022-06-12,2022-06-10,2022-06-10,2022-06-11,2022-06-11,NA
1082,2022,9,7,Canadian Grand Prix,2022-06-19,2022-06-17,2022-06-17,2022-06-18,2022-06-18,NA
1083,2022,10,9,British Grand Prix,2022-07-03,2022-07-01,2022-07-01,2022-07-02,2022-07-02,NA
1084,2022,11,70,Austrian Grand Prix,2022-07-10,2022-07-08,2022-07-09,NA,2022-07-08,2022-07-09
1085,2022,12,34,French Grand Prix,2022-07-24,2022-07-22,2022-07-22,2022-07-23,2022-07-23,NA
1086,2022,13,11,Hungarian Grand Prix,2022-07-31,2022-07-29,2022-07-29,2022-07-30,2022-07-30,NA
1087,2022,14,13,Belgian Grand Prix,2022-08-28,2022-08-26,2022-08-26,2022-08-27,2022-08-27,NA
1088,2022,15,39,Dutch Grand Prix,2022-09-04,2022-09-02,2022-09-02,2022-09-03,2022-09-03,NA
1089,2022,16,14,Italian Grand Prix,2022-09-11,2022-09-09,2022-09-09,2022-09-10,2022-09-10,NA
1091,2022,17,15,Singapore Grand Prix,2022-10-02,2022-09-30,2022-09-30,2022-10-01,2022-10-01,NA
1092,2022,18,22,Japanese Grand Prix,2022-10-09,2022-10-07,2022-10-07,2022-10-08,2022-10-08,NA
1093,2022,19,69,United States Grand Prix,2022-10-23,2022-10-21,2022-10-21,2022-10-22,2022-10-22,NA
1094,2022,20,32,Mexico City Grand Prix,2022-10-30,2022-10-28,2022-10-28,2022-10-29,2022-10-29,NA
1095,2022,21,18,São Paulo Grand Prix,2022-11-13,2022-11-11,2022-11-12,NA,2022-11-11,2022-11-12
1096,2022,22,24,Abu Dhabi Grand Prix,2022-11-20,2022-11-18,2022-11-18,2022-11-19,2022-11-19,NA
1098,2023,1,3,Bahrain Grand Prix,2023-03-05,2023-03-03,2023-03-03,2023-03-04,2023-03-04,NA
1099,2023,2,77,Saudi Arabian Grand Prix,2023-03-19,2023-03-17,2023-03-17,2023-03-18,2023-03-18,NA
1100,2023,3,1,Australian Grand Prix,2023-04-02,2023-03-31,2023-03-31,2023-04-01,2023-04-01,NA
1101,2023,4,73,Azerbaijan Grand Prix,2023-04-30,2023-04-28,2023-04-29,NA,2023-04-28,2023-04-29
1102,2023,5,79,Miami Grand Prix,2023-05-07,2023-05-05,2023-05-05,2023-05-06,2023-05-06,NA
1104,2023,6,6,Monaco Grand Prix,2023-05-28,2023-05-26,2023-05-26,2023-05-27,2023-05-27,NA
1105,2023,7,4,Spanish Grand Prix,2023-06-04,2023-06-02,2023-06-02,2023-06-03,2023-06-03,NA
1106,2023,8,7,Canadian Grand Prix,2023-06-18,2023-06-16,2023-06-16,2023-06-17,2023-06-17,NA
1107,2023,9,70,Austrian Grand Prix,2023-07-02,2023-06-30,2023-07-01,NA,2023-06-30,2023-07-01
1108,2023,10,9,British Grand Prix,2023-07-09,2023-07-07,2023-07-07,2023-07-08,2023-07-08,NA
1109,2023,11,11,Hungarian Grand Prix,2023-07-23,2023-07-21,2023-07-21,2023-07-22,2023-07-22,NA
1110,2023,12,13,Belgian Grand Prix,2023-07-30,2023-07-28,2023-07-29,NA,2023-07-28,2023-07-29
1111,2023,13,39,Dutch Grand Prix,2023-08-27,2023-08-25,2023-08-25,2023-08-26,2023-08-26,NA
1112,2023,14,14,Italian Grand Prix,2023-09-03,2023-09-01,2023-09-01,2023-09-02,2023-09-02,NA
1113,2023,15,15,Singapore Grand Prix,2023-09-17,2023-09-15,2023-09-15,2023-09-16,2023-09-16,NA
1114,2023,16,22,Japanese Grand Prix,2023-09-24,2023-09-22,2023-09-22,2023-09-23,2023-09-23,NA
1115,2023,17,78,Qatar Grand Prix,2023-10-08,2023-10-06,2023-10-07,NA,2023-10-06,2023-10-07
1116,2023,18,69,United States Grand Prix,2023-10-22,2023-10-20,2023-10-21,NA,2023-10-20,2023-10-21
1117,2023,19,32,Mexico City Grand Prix,2023-10-29,2023-10-27,2023-10-27,2023-10-28,2023-10-28,NA
1118,2023,20,18,São Paulo Grand Prix,2023-11-05,2023-11-03,2023-11-04,NA,2023-11-03,2023-11-04
1119,2023,21,80,Las Vegas Grand Prix,2023-11-19,2023-11-16,2023-11-16,2023-11-17,2023-11-17,NA
1120,2023,22,24,Abu Dhabi Grand Prix,2023-11-26,2023-11-24,2023-11-24,2023-11-25,2023-11-25,NA
1121,2024,1,3,Bahrain Grand Prix,2024-03-02,2024-02-29,2024-02-29,2024-03-01,2024-03-01,NA
1122,2024,2,77,Saudi Arabian Grand Prix,2024-03-09,2024-03-07,2024-03-07,2024-03-08,2024-03-08,NA
1123,2024,3,1,Australian Grand Prix,2024-03-24,2024-03-22,2024-03-22,2024-03-23,2024-03-23,NA
1124,2024,4,22,Japanese Grand Prix,2024-04-07,2024-04-05,2024-04-05,2024-04-06,2024-04-06,NA
1125,2024,5,17,Chinese Grand Prix,2024-04-21,2024-04-19,2024-04-19,NA,2024-04-20,2024-04-20
1126,2024,6,79,Miami Grand Prix,2024-05-05,2024-05-03,2024-05-03,NA,2024-05-04,2024-05-04
1127,2024,7,21,Emilia Romagna Grand Prix,2024-05-19,2024-05-17,2024-05-17,2024-05-18,2024-05-18,NA
1128,2024,8,6,Monaco Grand Prix,2024-05-26,2024-05-24,2024-05-24,2024-05-25,2024-05-25,NA
1129,2024,9,7,Canadian Grand Prix,2024-06-09,2024-06-07,2024-06-07,2024-06-08,2024-06-08,NA
1130,2024,10,4,Spanish Grand Prix,2024-06-23,2024-06-21,2024-06-21,2024-06-22,2024-06-22,NA
1131,2024,11,70,Austrian Grand Prix,2024-06-30,2024-06-28,2024-06-28,NA,2024-06-29,2024-06-29
1132,2024,12,9,British Grand Prix,2024-07-07,2024-07-05,2024-07-05,2024-07-06,2024-07-06,NA
1133,2024,13,11,Hungarian Grand Prix,2024-07-21,2024-07-19,2024-07-19,2024-07-20,2024-07-20,NA
1134,2024,14,13,Belgian Grand Prix,2024-07-28,2024-07-26,2024-07-26,2024-07-27,2024-07-27,NA
1135,2024,15,39,Dutch Grand Prix,2024-08-25,2024-08-23,2024-08-23,2024-08-24,2024-08-24,NA
1136,2024,16,14,Italian Grand Prix,2024-09-01,2024-08-30,2024-08-30,2024-08-31,2024-08-31,NA
1137,2024,17,73,Azerbaijan Grand Prix,2024-09-15,2024-09-13,2024-09-13,2024-09-14,2024-09-14,NA
1138,2024,18,15,Singapore Grand Prix,2024-09-22,2024-09-20,2024-09-20,2024-09-21,2024-09-21,NA
1139,2024,19,69,United States Grand Prix,2024-10-20,2024-10-18,2024-10-18,NA,2024-10-19,2024-10-19
1140,2024,20,32,Mexico City Grand Prix,2024-10-27,2024-10-25,2024-10-25,2024-10-26,2024-10-26,NA
1141,2024,21,18,São Paulo Grand Prix,2024-11-03,2024-11-01,2024-11-01,NA,2024-11-02,2024-11-02
1142,2024,22,80,Las Vegas Grand Prix,2024-11-23,2024-11-21,2024-11-21,2024-11-22,2024-11-22,NA
1143,2024,23,78,Qatar Grand Prix,2024-12-01,2024-11-29,2024-11-29,NA,2024-11-30,2024-11-30
1144,2024,24,24,Abu Dhabi Grand Prix,2024-12-08,2024-12-06,2024-12-06,2024-12-07,2024-12-07,NA
